source,K,anchor,anchor_name,year,pp,rank,rank_norm
news,6,0,architecture - software,1990,1630.7098501388195,460.139552238806,0.20360157178708227
news,6,0,architecture - software,1991,946.7044733841622,266.994708994709,0.17359864043869247
news,6,0,architecture - software,1992,1255.2835639524528,350.01313868613136,0.15178366812061206
news,6,0,architecture - software,1993,1139.3838720837812,318.3238805970149,0.1353417859681186
news,6,0,architecture - software,1994,1111.177727780808,274.10555555555555,0.10812842428227043
news,6,0,architecture - software,1995,907.5510236269824,294.32054176072234,0.11791688371823812
news,6,0,architecture - software,1996,878.265179829133,292.89458239277656,0.11650540270197952
news,6,0,architecture - software,1997,875.9784327945455,282.9188940092166,0.10856442594367482
news,6,0,architecture - software,1998,949.5997646708724,286.4512048192771,0.06588114186275923
news,6,0,architecture - software,1999,812.9564495281164,219.45110220440884,0.04772751244115024
news,6,0,architecture - software,2000,733.1377171558479,182.36044176706827,0.039074446489622515
news,6,0,architecture - software,2001,687.0534841015168,168.9306,0.036716061725711804
news,6,0,architecture - software,2002,674.7258332655133,149.8998,0.03184614404079031
news,6,0,architecture - software,2003,698.5456932094786,144.91920000000002,0.03013499688084841
news,6,0,architecture - software,2004,685.802359433551,151.0246,0.029717552144824872
news,6,0,architecture - software,2005,657.0183478682991,136.56560000000002,0.026106977633339707
news,6,0,architecture - software,2006,653.1939019966879,124.5086,0.023684344683279436
news,6,0,architecture - software,2007,698.7519837822897,134.52,0.02246117882785106
news,6,0,architecture - software,2008,688.8708327502944,127.9174,0.020675189914336513
news,6,0,architecture - software,2009,705.5997518306353,133.4366,0.022224616922051965
news,6,0,architecture - software,2010,729.4075000170207,134.943,0.024024034181947658
news,6,0,architecture - software,2011,685.429033915638,127.8934,0.02306463480613165
news,6,0,architecture - software,2012,682.6965657906509,129.562,0.02258358026843298
news,6,0,architecture - software,2013,724.1210190903446,132.27679999999998,0.02244261961316593
news,6,0,architecture - software,2014,744.7405797855209,139.299,0.023546146044624745
news,6,0,architecture - software,2015,750.908728304689,142.3854,0.023954475100942126
news,6,0,architecture - software,2016,736.7751226466396,135.4058,0.021337188780334068
news,6,0,architecture - software,2017,760.9999768581279,132.1182,0.018260981340704904
news,6,0,architecture - software,2018,718.5463825233218,127.8544,0.01809943374858437
news,6,0,architecture - software,2019,723.2878600556817,123.78236472945892,0.016548444482547983
news,6,0,architecture - software,2020,736.9595281614751,137.2716,0.019201510700797314
news,6,0,architecture - software,2021,758.2262345414309,134.6834,0.019268011444921317
news,6,0,architecture - software,2022,742.4717203266791,137.42044088176354,0.01969620766543837
news,6,0,architecture - software,2023,769.6485951766672,136.77054108216433,0.0180913414129847
news,6,1,automation - software,1990,1421.904333661833,425.7665634674923,0.1883922847201293
news,6,1,automation - software,1991,954.66857016218,288.2136645962733,0.18739510051773295
news,6,1,automation - software,1992,1084.9345205977318,337.65365168539324,0.14642395996764668
news,6,1,automation - software,1993,937.1499205526346,286.64080459770116,0.12187109039017906
news,6,1,automation - software,1994,918.0329940228617,279.79928057553957,0.1103744696550452
news,6,1,automation - software,1995,755.9324109470301,262.0405339805825,0.10498418829350262
news,6,1,automation - software,1996,682.9664624660471,233.42406015037594,0.09284966593093712
news,6,1,automation - software,1997,659.4449676027284,233.45943396226417,0.0895853545519049
news,6,1,automation - software,1998,766.8835139681635,265.7249496981891,0.06111429385882915
news,6,1,automation - software,1999,676.1048598626726,222.9718875502008,0.048493233481992346
news,6,1,automation - software,2000,642.3608656529398,207.37303822937625,0.04443390577016847
news,6,1,automation - software,2001,611.2050337683012,194.681,0.04231275809606607
news,6,1,automation - software,2002,608.4378117727404,185.013,0.039305927342256214
news,6,1,automation - software,2003,635.6288663752064,176.459,0.03669349137034727
news,6,1,automation - software,2004,589.6929471371244,167.6096,0.032981031090122
news,6,1,automation - software,2005,582.290668806105,157.0606,0.030024966545593577
news,6,1,automation - software,2006,599.9830645794583,152.276,0.02896633060680997
news,6,1,automation - software,2007,613.4536056328687,154.8044,0.02584812155618634
news,6,1,automation - software,2008,610.0136085690982,145.9804,0.023594698561499917
news,6,1,automation - software,2009,601.6511306627679,146.9688,0.02447848101265823
news,6,1,automation - software,2010,601.9747777098986,135.78379999999999,0.02417372262773723
news,6,1,automation - software,2011,576.716140345716,131.387,0.02369467989179441
news,6,1,automation - software,2012,575.5439464207078,134.64620000000002,0.0234697925745163
news,6,1,automation - software,2013,589.9343280389721,126.9726,0.021542687478791993
news,6,1,automation - software,2014,586.8722985835177,124.56939999999999,0.02105635564570656
news,6,1,automation - software,2015,583.0342776963308,124.5778,0.020958580080753703
news,6,1,automation - software,2016,593.629994536706,124.939,0.019687834856602585
news,6,1,automation - software,2017,628.4688776813742,129.8382,0.017945846579129232
news,6,1,automation - software,2018,604.5632648515615,124.2218,0.017585192525481314
news,6,1,automation - software,2019,613.1434581591027,120.9814,0.016173983957219255
news,6,1,automation - software,2020,577.2801801579631,124.714,0.017444957336690447
news,6,1,automation - software,2021,597.9938879784403,119.4966,0.017095364806866954
news,6,1,automation - software,2022,593.9994278047539,123.12,0.017646552959724813
news,6,1,automation - software,2023,609.9736668063458,117.15506072874494,0.015496701154595892
news,6,2,data collection - software,1990,1507.1171205097064,417.4090032154341,0.18469424921036906
news,6,2,data collection - software,1991,,,
news,6,2,data collection - software,1992,1057.34502440062,285.571757925072,0.12383857672379533
news,6,2,data collection - software,1993,1005.1428943435657,286.8731343283582,0.12196987003756728
news,6,2,data collection - software,1994,980.8983855920596,275.18469656992085,0.10855412093488001
news,6,2,data collection - software,1995,556.1031170263064,197.34948453608249,0.07906629989426381
news,6,2,data collection - software,1996,691.2697028861857,199.99018567639257,0.07955059096117445
news,6,2,data collection - software,1997,607.326924017732,188.3877551020408,0.07229000579510392
news,6,2,data collection - software,1998,711.0728146395122,213.94112903225806,0.04920449149775944
news,6,2,data collection - software,1999,689.046639591089,194.37831325301204,0.04227453528773642
news,6,2,data collection - software,2000,615.3161802062209,167.0206827309237,0.035787590043052
news,6,2,data collection - software,2001,601.4172419261188,162.2368,0.03526120408606825
news,6,2,data collection - software,2002,606.1785515069525,155.69098196392787,0.033076478003808765
news,6,2,data collection - software,2003,657.8914880877155,160.43120000000002,0.03336061551258058
news,6,2,data collection - software,2004,574.2151276153043,142.847,0.028108421881149155
news,6,2,data collection - software,2005,592.2532725230369,143.034,0.02734352896195756
news,6,2,data collection - software,2006,617.7361764977815,138.2268,0.02629385581129922
news,6,2,data collection - software,2007,609.9711678462202,140.8186,0.023512873601602938
news,6,2,data collection - software,2008,635.1547064086044,137.5848,0.022237724260546307
news,6,2,data collection - software,2009,636.695017165057,141.8854,0.023631812125249833
news,6,2,data collection - software,2010,656.1657162652568,139.8976,0.02490610646252448
news,6,2,data collection - software,2011,615.604989312913,131.6668,0.023745139765554556
news,6,2,data collection - software,2012,596.0716316499933,126.6882,0.02208265644064842
news,6,2,data collection - software,2013,598.9209362821363,118.0204,0.020023820834747203
news,6,2,data collection - software,2014,595.1478270901936,118.0438,0.019953313049357674
news,6,2,data collection - software,2015,619.6685266772549,127.53739999999999,0.021456493943472408
news,6,2,data collection - software,2016,620.4492091987199,123.2894,0.019427891585250552
news,6,2,data collection - software,2017,639.0724258281606,122.3192,0.016906592950932966
news,6,2,data collection - software,2018,648.1888075850244,126.629,0.017925962627406568
news,6,2,data collection - software,2019,631.4758676072779,121.64949899799599,0.016263302005079677
news,6,2,data collection - software,2020,595.7487533966755,123.6704,0.017298978878164777
news,6,2,data collection - software,2021,615.0312195578675,117.50661322645291,0.016810674281323736
news,6,2,data collection - software,2022,599.0293415792041,117.04678714859439,0.016776091034627256
news,6,2,data collection - software,2023,627.5591658747067,119.3008064516129,0.01578052995391705
news,6,3,data processing - software,1990,1590.4348348023573,506.32797427652736,0.2240389266710298
news,6,3,data processing - software,1991,983.2566919793944,308.1020134228188,0.20032640664682627
news,6,3,data processing - software,1992,1112.578807984454,327.1078488372093,0.14185075838560682
news,6,3,data processing - software,1993,990.0247293996459,283.0049689440994,0.12032524189800145
news,6,3,data processing - software,1994,1002.3740976924087,301.9727272727273,0.11912139142908375
news,6,3,data processing - software,1995,858.8584437737494,298.81627296587925,0.11971805807927856
news,6,3,data processing - software,1996,765.5724986406194,249.6819944598338,0.09931662468569363
news,6,3,data processing - software,1997,684.9136941884648,210.79431524547803,0.08088807185167998
news,6,3,data processing - software,1998,954.1470514198871,328.97241379310344,0.0756606287472639
news,6,3,data processing - software,1999,775.5532899490281,234.98169014084505,0.05110519576790889
news,6,3,data processing - software,2000,815.6911988535543,250.97545271629778,0.05377661296685189
news,6,3,data processing - software,2001,713.5445737474782,206.64260000000002,0.044912540752010434
news,6,3,data processing - software,2002,778.665610686093,220.68016032064128,0.04688339926081183
news,6,3,data processing - software,2003,858.36453496813,235.4632,0.048963027656477434
news,6,3,data processing - software,2004,808.8864469578739,233.7258,0.04599090909090909
news,6,3,data processing - software,2005,831.5215876603296,243.4774,0.046545096539858534
news,6,3,data processing - software,2006,800.3806123979889,208.58939999999998,0.03967840973939509
news,6,3,data processing - software,2007,825.2220002997088,207.7396,0.03468685924194356
news,6,3,data processing - software,2008,864.1828839285915,226.37439999999998,0.03658871828026507
news,6,3,data processing - software,2009,832.7526161338395,213.2344,0.03551538974017322
news,6,3,data processing - software,2010,821.401013890489,195.04,0.034723161830158444
news,6,3,data processing - software,2011,786.0288743754875,193.1656,0.03483599639314698
news,6,3,data processing - software,2012,773.0266820917398,189.6542,0.033058079135436645
news,6,3,data processing - software,2013,768.5193814724457,170.8484,0.028986834068544284
news,6,3,data processing - software,2014,777.0442809636057,176.00560000000002,0.029750777552400274
news,6,3,data processing - software,2015,764.5770699248071,170.287,0.028648553162853297
news,6,3,data processing - software,2016,783.0473288926486,172.5224,0.027186006933501417
news,6,3,data processing - software,2017,865.6006654896577,191.36,0.026449205252246026
news,6,3,data processing - software,2018,793.619985017292,173.57520000000002,0.0245718006795017
news,6,3,data processing - software,2019,855.3683774191288,191.53306613226454,0.025606024883992586
news,6,3,data processing - software,2020,788.9120050831038,179.7806,0.025147657014967125
news,6,3,data processing - software,2021,792.6598465418988,172.61823647294588,0.024695026677102414
news,6,3,data processing - software,2022,760.8204571541929,165.41546184738954,0.023708680213184685
news,6,3,data processing - software,2023,788.1205847916922,163.36927710843372,0.02160969273921081
news,6,4,interoperability - software,1990,1733.3948627338539,559.4724517906336,0.24755418220824496
news,6,4,interoperability - software,1991,,,
news,6,4,interoperability - software,1992,1394.6605313196947,467.98397932816533,0.20294188175549235
news,6,4,interoperability - software,1993,1159.888932919287,346.6465648854962,0.14738374357376538
news,6,4,interoperability - software,1994,1190.225230375643,306.88819599109127,0.12106043234362576
news,6,4,interoperability - software,1995,990.2208857110652,275.2300865800866,0.11026846417471417
news,6,4,interoperability - software,1996,901.9297725718852,276.4086474501109,0.10994775157124537
news,6,4,interoperability - software,1997,793.7250808720717,214.0642222222222,0.08214283277905689
news,6,4,interoperability - software,1998,853.8654640228535,205.69619238476952,0.04730823191922023
news,6,4,interoperability - software,1999,729.4548488506928,159.61583166332665,0.03471418696462084
news,6,4,interoperability - software,2000,688.390034173046,146.7100401606426,0.03143562034725575
news,6,4,interoperability - software,2001,618.9645538935413,130.2186,0.028302238643773094
news,6,4,interoperability - software,2002,606.8715625113525,118.24569138276553,0.02512124312359582
news,6,4,interoperability - software,2003,638.8896131876436,121.8232,0.025332335204824287
news,6,4,interoperability - software,2004,597.6316779410722,119.709,0.023555489964580876
news,6,4,interoperability - software,2005,571.4102491943337,108.7856,0.020796329573695278
news,6,4,interoperability - software,2006,583.8592094201146,101.496,0.019306828989918205
news,6,4,interoperability - software,2007,570.7193512629262,101.6988,0.016980931708131575
news,6,4,interoperability - software,2008,555.3942970485305,92.9518,0.015023727169872313
news,6,4,interoperability - software,2009,535.1839894235363,88.6314,0.014762058627581613
news,6,4,interoperability - software,2010,555.1505743156289,88.7344,0.015797471960121063
news,6,4,interoperability - software,2011,527.5746257495239,86.3124,0.01556580703336339
news,6,4,interoperability - software,2012,513.0738484380154,83.92739999999999,0.014629144151995817
news,6,4,interoperability - software,2013,526.1317388558616,80.7308,0.013697115710892433
news,6,4,interoperability - software,2014,524.8454049174711,80.1316,0.013544895199459095
news,6,4,interoperability - software,2015,518.8082976991029,79.72160000000001,0.013412113055181696
news,6,4,interoperability - software,2016,542.274178917496,81.941,0.012912228175228491
news,6,4,interoperability - software,2017,558.3650871122595,80.28760000000001,0.011097111264685556
news,6,4,interoperability - software,2018,544.7198303222559,80.2656,0.011362627406568515
news,6,4,interoperability - software,2019,625.3723862308599,100.2234,0.01339885026737968
news,6,4,interoperability - software,2020,574.9037482708932,93.4992,0.013078640369282418
news,6,4,interoperability - software,2021,590.0779172135383,91.0958,0.013032303290414878
news,6,4,interoperability - software,2022,561.5619761241718,88.6334,0.012703654865988246
news,6,4,interoperability - software,2023,597.0598148883455,90.09219999999999,0.011916957671957672
news,6,5,medical imaging - software,1990,1570.6759180149054,501.0308411214953,0.22169506244313955
news,6,5,medical imaging - software,1991,,,
news,6,5,medical imaging - software,1992,1676.5143886308838,654.8770833333334,0.2839883275513154
news,6,5,medical imaging - software,1993,1319.7174097336708,560.2956140350877,0.23822092433464612
news,6,5,medical imaging - software,1994,,,
news,6,5,medical imaging - software,1995,1058.6218329770215,513.1231343283582,0.20557817881745122
news,6,5,medical imaging - software,1996,844.9748200732446,330.65938303341903,0.13152720088839262
news,6,5,medical imaging - software,1997,867.868016302544,339.28846153846155,0.13019511187201133
news,6,5,medical imaging - software,1998,1024.2002061808662,394.0020080321285,0.0906168371739026
news,6,5,medical imaging - software,1999,967.2540705763029,368.2927855711423,0.0800984744608835
news,6,5,medical imaging - software,2000,924.1819773569521,340.09158316633267,0.07287156270973487
news,6,5,medical imaging - software,2001,897.3627729195217,335.0502,0.07282116931101934
news,6,5,medical imaging - software,2002,884.6306997834085,306.49940000000004,0.06511565753133632
news,6,5,medical imaging - software,2003,936.4761333071193,310.69440000000003,0.06460686213349968
news,6,5,medical imaging - software,2004,837.9016277597692,253.6774,0.0499168437622983
news,6,5,medical imaging - software,2005,825.4173927226519,242.94879999999998,0.04644404511565666
news,6,5,medical imaging - software,2006,879.2554900488885,271.7354,0.05169020353813962
news,6,5,medical imaging - software,2007,949.3401386186248,312.5116,0.052180931708131574
news,6,5,medical imaging - software,2008,898.4821321756089,250.05079999999998,0.04041551640536609
news,6,5,medical imaging - software,2009,874.4523697667839,243.46120000000002,0.04054983344437042
news,6,5,medical imaging - software,2010,832.1729995180887,207.5228,0.036945486914723165
news,6,5,medical imaging - software,2011,775.4811045393101,188.945,0.03407484220018034
news,6,5,medical imaging - software,2012,762.5400523246644,184.7126,0.03219672302597176
news,6,5,medical imaging - software,2013,797.5871878864377,187.681,0.031842721411605025
news,6,5,medical imaging - software,2014,793.6541335326742,188.0484,0.03178640973630832
news,6,5,medical imaging - software,2015,810.9105824457313,195.4656,0.032884522207267834
news,6,5,medical imaging - software,2016,786.6023586821325,176.5036,0.027813362748187836
news,6,5,medical imaging - software,2017,799.398845400989,166.97279999999998,0.0230784796129924
news,6,5,medical imaging - software,2018,769.9909184499884,163.31879999999998,0.023119875424688564
news,6,5,medical imaging - software,2019,752.542338147289,151.20440881763528,0.020214493157437872
news,6,5,medical imaging - software,2020,731.5740302340934,159.5254,0.022314365645544832
news,6,5,medical imaging - software,2021,760.7783489654607,158.60660000000001,0.022690500715307583
news,6,5,medical imaging - software,2022,797.7757177443975,180.68517034068134,0.02589725818269763
news,6,5,medical imaging - software,2023,811.0353776953569,172.76873747494992,0.022853007602506602
news,6,7,project management - software,1990,1509.9116339606,447.95394736842104,0.19820971122496508
news,6,7,project management - software,1991,,,
news,6,7,project management - software,1992,1220.2210353981068,435.1298136645962,0.188694628649001
news,6,7,project management - software,1993,1072.8508921817138,367.95151515151514,0.156441970727685
news,6,7,project management - software,1994,1027.7511553464142,324.5116580310881,0.12801248837518267
news,6,7,project management - software,1995,800.4875344527334,237.21491002570696,0.09503802485004284
news,6,7,project management - software,1996,777.432286168361,257.8746031746032,0.10257541892386761
news,6,7,project management - software,1997,843.104420897421,304.14816753926704,0.11671073197976478
news,6,7,project management - software,1998,883.7647245285165,283.0779797979798,0.06510533114028974
news,6,7,project management - software,1999,769.0232796798808,228.82064128256513,0.04976525473739998
news,6,7,project management - software,2000,704.5244019570165,194.68141414141414,0.04171446628271141
news,6,7,project management - software,2001,646.8494802198624,177.7202,0.03862642903716584
news,6,7,project management - software,2002,663.9786540159721,175.02064128256512,0.03718305529691208
news,6,7,project management - software,2003,696.6797990667264,170.1888,0.03538964441671865
news,6,7,project management - software,2004,665.1333781181481,169.86939999999998,0.03342569854388037
news,6,7,project management - software,2005,630.0579931613353,155.0052,0.029632039762951635
news,6,7,project management - software,2006,658.4373775303446,153.1842,0.02913909073616131
news,6,7,project management - software,2007,692.1456384128853,161.0554,0.026891868425446653
news,6,7,project management - software,2008,685.9173475278332,151.26520000000002,0.024448876676903184
news,6,7,project management - software,2009,679.0615619374056,151.38060000000002,0.025213291139240507
news,6,7,project management - software,2010,725.753127430235,159.33339999999998,0.02836628093288232
news,6,7,project management - software,2011,664.8901925096835,145.94,0.026319206492335438
news,6,7,project management - software,2012,662.9868575745479,145.5796,0.025375562140491546
news,6,7,project management - software,2013,719.1061218682886,152.982,0.02595554801493044
news,6,7,project management - software,2014,695.7106211927289,146.5488,0.024771602434077077
news,6,7,project management - software,2015,700.5350569742806,148.9178,0.025053465679676985
news,6,7,project management - software,2016,710.1752431463564,147.676,0.023270721714465804
news,6,7,project management - software,2017,746.0641940922275,150.131,0.02075065653075328
news,6,7,project management - software,2018,756.4125244703097,159.2788,0.022547961494903738
news,6,7,project management - software,2019,727.7216624270371,146.9594,0.01964697860962567
news,6,7,project management - software,2020,696.583946669842,149.4626,0.02090678416561757
news,6,7,project management - software,2021,717.3618605184857,144.41382765531063,0.020660061181017257
news,6,7,project management - software,2022,745.8299699278086,158.18897795591184,0.02267292216653459
news,6,7,project management - software,2023,744.4816031198501,151.5132530120482,0.02004143558360426
news,6,8,software - systems design,1990,1139.2239018519756,311.7183879093199,0.1379284902253628
news,6,8,software - systems design,1991,,,
news,6,8,software - systems design,1992,1117.9443071233009,270.4087167070218,0.11726310351562089
news,6,8,software - systems design,1993,976.3047736564885,213.13063725490196,0.09061676754034946
news,6,8,software - systems design,1994,970.2321284874935,196.99778270509978,0.07771115688564093
news,6,8,software - systems design,1995,669.5127742010095,162.13282608695653,0.06495706173355631
news,6,8,software - systems design,1996,689.9614015540535,177.99661399548532,0.07080215353837921
news,6,8,software - systems design,1997,752.4438062570974,238.40581655480983,0.09148342922287407
news,6,8,software - systems design,1998,883.8025744438401,286.6402,0.06592460901563937
news,6,8,software - systems design,1999,846.3193826072181,280.74,0.06105698129621574
news,6,8,software - systems design,2000,750.4286162861141,211.9596,0.04541667023784015
news,6,8,software - systems design,2001,784.1499917614118,246.1248,0.05349376222560313
news,6,8,software - systems design,2002,817.8001746440567,267.9882,0.056933970681963035
news,6,8,software - systems design,2003,801.0554266427906,209.4556,0.04355491786234144
news,6,8,software - systems design,2004,810.9981518575852,261.13960000000003,0.05138520267611177
news,6,8,software - systems design,2005,829.2950651057429,262.8028,0.0502394953163831
news,6,8,software - systems design,2006,777.987395260413,196.5554,0.037389271447593686
news,6,8,software - systems design,2007,816.3884719733636,202.597,0.03382818500584405
news,6,8,software - systems design,2008,817.0901623389592,198.88379999999998,0.03214543397446258
news,6,8,software - systems design,2009,813.4674286312647,199.1184,0.033164290473017985
news,6,8,software - systems design,2010,852.9272275149747,223.81220000000002,0.039845504717820904
news,6,8,software - systems design,2011,762.7929922217857,181.78920000000002,0.03278434625788999
news,6,8,software - systems design,2012,815.2132182446993,228.44660000000002,0.03981987101272442
news,6,8,software - systems design,2013,850.6574124506013,234.7992,0.03983698676620292
news,6,8,software - systems design,2014,810.0767053277739,203.4402,0.03438813387423935
news,6,8,software - systems design,2015,870.4960630978231,261.141,0.0439335464333782
news,6,8,software - systems design,2016,825.4880884871741,204.6772,0.03225294673810274
news,6,8,software - systems design,2017,921.0281488838682,243.73860000000002,0.03368881824464409
news,6,8,software - systems design,2018,832.4139491493488,192.2166,0.02721073046432616
news,6,8,software - systems design,2019,831.4247010338365,182.76673346693389,0.024434055276328057
news,6,8,software - systems design,2020,829.5758949508171,216.065,0.030223108127010772
news,6,8,software - systems design,2021,823.198273311372,190.2943887775551,0.027223803830837643
news,6,8,software - systems design,2022,811.644529145704,194.10843373493975,0.02782118872508811
news,6,8,software - systems design,2023,834.2055170792985,186.07710843373494,0.02461337413144642
news,6,9,software - usability,1990,,,
news,6,9,software - usability,1991,,,
news,6,9,software - usability,1992,938.8321762774909,251.9466666666667,0.10925701069673316
news,6,9,software - usability,1993,990.4385830437112,281.72536443148687,0.11978119236032606
news,6,9,software - usability,1994,934.0956001775829,234.9554707379135,0.09268460384138599
news,6,9,software - usability,1995,781.5059569899443,220.8886243386243,0.08849704500746167
news,6,9,software - usability,1996,689.3060878788966,199.44251968503937,0.07933274450478893
news,6,9,software - usability,1997,,,
news,6,9,software - usability,1998,738.0463258477623,215.19798792756538,0.0494935574810408
news,6,9,software - usability,1999,651.1355798658558,180.761569416499,0.03931308599749869
news,6,9,software - usability,2000,614.0855219735068,165.02449799196788,0.03535986672208439
news,6,9,software - usability,2001,575.6147003050093,151.45860000000002,0.032918626385568354
news,6,9,software - usability,2002,588.5614041775827,149.1104,0.0316784363713618
news,6,9,software - usability,2003,603.7917213179248,144.4726,0.030042129340819297
news,6,9,software - usability,2004,565.1039379609591,140.3088,0.02760897284533648
news,6,9,software - usability,2005,556.8229297822201,132.1888,0.025270273370292487
news,6,9,software - usability,2006,568.9625488904692,125.5408,0.023880692410119843
news,6,9,software - usability,2007,576.991260366613,130.934,0.021862414426448488
news,6,9,software - usability,2008,598.4059269234191,128.252,0.02072927105220624
news,6,9,software - usability,2009,589.6389093071596,129.6212,0.021589140572951367
news,6,9,software - usability,2010,579.4842206987202,119.4134,0.021259284315470892
news,6,9,software - usability,2011,552.0984107974825,116.591,0.0210263300270514
news,6,9,software - usability,2012,557.5889125392148,118.1058,0.020586682935332053
news,6,9,software - usability,2013,560.2659578912715,111.439,0.018907193756362402
news,6,9,software - usability,2014,557.9510201960046,112.0438,0.018939114266396214
news,6,9,software - usability,2015,564.407828956215,115.26,0.019390982503364736
news,6,9,software - usability,2016,574.7628446386303,114.048,0.01797163567601639
news,6,9,software - usability,2017,616.7056220080166,117.23960000000001,0.01620450587422253
news,6,9,software - usability,2018,646.5433556345442,126.00160000000001,0.01783714609286523
news,6,9,software - usability,2019,610.7110497835512,115.5689378757515,0.015450392764137903
news,6,9,software - usability,2020,586.5263228452405,119.4516,0.016708854385228705
news,6,9,software - usability,2021,602.7684210041006,113.89839679358718,0.01629447736675067
news,6,9,software - usability,2022,603.0490614201001,118.61726907630522,0.01700118519081342
news,6,9,software - usability,2023,600.300878691604,111.1350806451613,0.014700407492746202
news,6,10,software - user interface,1990,1522.8842296445732,387.45052356020943,0.1714382847611546
news,6,10,software - user interface,1991,946.589666108807,267.0672316384181,0.1736457943032627
news,6,10,software - user interface,1992,1116.7286427908632,270.7468982630273,0.11740975640200663
news,6,10,software - user interface,1993,982.661690414656,217.07935323383083,0.0922956433817308
news,6,10,software - user interface,1994,971.7368365462323,201.65102974828375,0.07954675729715335
news,6,10,software - user interface,1995,752.2130225585057,199.0599557522124,0.07975158483662356
news,6,10,software - user interface,1996,665.915998735735,167.19678160919543,0.06650627748973564
news,6,10,software - user interface,1997,750.4255368728674,230.33100233100234,0.08838488193822037
news,6,10,software - user interface,1998,805.5673086199384,223.88430583501005,0.05149133068882476
news,6,10,software - user interface,1999,708.0494477941361,181.60803212851405,0.039497179671273176
news,6,10,software - user interface,2000,646.3410563108454,157.40865191146884,0.033728016265581494
news,6,10,software - user interface,2001,613.0034795798417,146.42685370741484,0.031825006239385965
news,6,10,software - user interface,2002,612.611919148647,136.81763527054107,0.029066844119511596
news,6,10,software - user interface,2003,637.6611570387175,132.584,0.02756997296735288
news,6,10,software - user interface,2004,585.664249097273,124.9758,0.02459185360094451
news,6,10,software - user interface,2005,592.2509750873057,123.57419999999999,0.023623437201299943
news,6,10,software - user interface,2006,608.7301840854873,117.965,0.022439604337074377
news,6,10,software - user interface,2007,631.9172943319583,123.7988,0.020671030222073804
news,6,10,software - user interface,2008,608.6758783989005,110.316,0.01783028931630839
news,6,10,software - user interface,2009,597.8380640609286,108.96260000000001,0.018148334443704197
news,6,10,software - user interface,2010,587.7022043823513,102.0878,0.018174790813601568
news,6,10,software - user interface,2011,555.8816892292081,97.7314,0.017625139765554555
news,6,10,software - user interface,2012,551.3709430530257,96.4352,0.01680934286212306
news,6,10,software - user interface,2013,573.8650762963192,96.1122,0.01630678656260604
news,6,10,software - user interface,2014,555.6054260035977,91.4874,0.015464401622718052
news,6,10,software - user interface,2015,558.054985867148,95.7742,0.016112752355316284
news,6,10,software - user interface,2016,571.3179399190399,94.4046,0.01487623699968484
news,6,10,software - user interface,2017,599.9969443554334,94.99860000000001,0.013130421561852108
news,6,10,software - user interface,2018,583.897987541722,97.05980000000001,0.01374006228765572
news,6,10,software - user interface,2019,587.5930714869622,95.051,0.01270735294117647
news,6,10,software - user interface,2020,547.4598551523301,94.0338,0.013153420058749475
news,6,10,software - user interface,2021,573.3468321059216,91.3312,0.013065979971387696
news,6,10,software - user interface,2022,569.6642399801726,95.6454,0.013708671348717213
news,6,10,software - user interface,2023,586.4648819522046,92.2886,0.012207486772486772
news,6,11,software - visualization,1990,1613.046141943479,526.5433962264151,0.23298380364000668
news,6,11,software - visualization,1991,,,
news,6,11,software - visualization,1992,1284.0468892918398,483.5480769230769,0.20969127360064044
news,6,11,software - visualization,1993,1051.303558550884,343.52023460410555,0.146054521515351
news,6,11,software - visualization,1994,1001.0902357501304,300.9410447761194,0.11871441608525421
news,6,11,software - visualization,1995,861.0647552455291,298.43935643564356,0.11956704985402386
news,6,11,software - visualization,1996,741.9061201121855,226.16377952755903,0.08996172614461379
news,6,11,software - visualization,1997,885.5151663120298,339.5804568527919,0.13030715919140134
news,6,11,software - visualization,1998,863.2999129164208,267.41951219512197,0.061504027643772295
news,6,11,software - visualization,1999,755.0896591052856,219.48370221327966,0.04773460248222699
news,6,11,software - visualization,2000,692.8022835347338,187.65878787878788,0.040209725279363166
news,6,11,software - visualization,2001,764.1834201500524,223.205,0.048512279939143664
news,6,11,software - visualization,2002,679.1077992315037,177.2808,0.03766322498406628
news,6,11,software - visualization,2003,708.7839265608941,173.524,0.03608317737575379
news,6,11,software - visualization,2004,660.4867835388558,167.661,0.03299114521841795
news,6,11,software - visualization,2005,659.5429104268248,160.0094,0.030588682852227107
news,6,11,software - visualization,2006,737.1826431333265,174.9366,0.03327688795891193
news,6,11,software - visualization,2007,715.1409595752035,164.659,0.027493571547837704
news,6,11,software - visualization,2008,699.5021029683993,154.1156,0.024909584612898012
news,6,11,software - visualization,2009,676.7055756747828,149.6956,0.024932644903397732
news,6,11,software - visualization,2010,760.4693871876968,169.212,0.030124977746127827
news,6,11,software - visualization,2011,678.8497801435741,146.3318,0.02638986474301172
news,6,11,software - visualization,2012,645.4175327703142,138.4652,0.024135471500784385
news,6,11,software - visualization,2013,670.8965439502646,137.22920000000002,0.023282863929419747
news,6,11,software - visualization,2014,659.9599682720392,135.5554,0.022913353617308993
news,6,11,software - visualization,2015,652.3728018904011,135.1516,0.02273748317631225
news,6,11,software - visualization,2016,664.2481291006977,134.89579999999998,0.021256823195713835
news,6,11,software - visualization,2017,688.212174059062,132.875,0.01836558396682792
news,6,11,software - visualization,2018,659.673370713586,128.789,0.01823173839184598
news,6,11,software - visualization,2019,672.8821348984252,132.5778,0.017724304812834223
news,6,11,software - visualization,2020,617.8170648875814,126.47160000000001,0.017690809903483005
news,6,11,software - visualization,2021,690.2065874165173,135.83118712273642,0.019432215611264153
news,6,11,software - visualization,2022,721.5867072698838,150.19818913480884,0.021527617763337947
news,6,11,software - visualization,2023,696.6340830739921,136.36700201207242,0.01803796322911011
news,8,0,architecture - software,1990,1638.1866210771122,475.47516420361245,0.21038724079805862
news,8,0,architecture - software,1991,984.8773410622929,299.1769722814499,0.19452338899964233
news,8,0,architecture - software,1992,1245.7611433111024,359.5581717451524,0.1559228845382274
news,8,0,architecture - software,1993,1131.8681373473485,318.35832349468717,0.13535643005726494
news,8,0,architecture - software,1994,1124.0474889784668,287.2926050420168,0.1133304161901447
news,8,0,architecture - software,1995,897.8510450310567,289.7579931972789,0.11608893958224316
news,8,0,architecture - software,1996,856.3775301937696,279.7144603562697,0.11126271294998792
news,8,0,architecture - software,1997,849.2143811645162,274.4675170068027,0.1053213802788959
news,8,0,architecture - software,1998,936.2128702128057,283.046176046176,0.06509801656995769
news,8,0,architecture - software,1999,799.205374277796,212.58942972350232,0.04623519567714274
news,8,0,architecture - software,2000,731.3428922650598,183.95858585858585,0.039416881478162816
news,8,0,architecture - software,2001,693.1348585117287,174.9836816490123,0.03803166304042867
news,8,0,architecture - software,2002,683.8423112047419,156.53785714285712,0.03325639624874807
news,8,0,architecture - software,2003,702.6449315840733,148.75485714285713,0.0309325966194338
news,8,0,architecture - software,2004,678.9171911283717,152.80685714285713,0.03006825209422612
news,8,0,architecture - software,2005,659.5495256672411,139.9442857142857,0.02675287434798045
news,8,0,architecture - software,2006,662.8358688693837,129.27142857142857,0.024590342128862196
news,8,0,architecture - software,2007,702.9597164754318,137.86985714285714,0.023020513799107887
news,8,0,architecture - software,2008,687.0543780924,129.2472857142857,0.020890138308434735
news,8,0,architecture - software,2009,701.4924666973841,133.96814285714288,0.022313148377272295
news,8,0,architecture - software,2010,719.7148676941387,134.3667142857143,0.023921437472977442
news,8,0,architecture - software,2011,676.6912911836839,126.77385714285714,0.022862733479325003
news,8,0,architecture - software,2012,668.8241685490069,127.015,0.022139620010458425
news,8,0,architecture - software,2013,707.3178413830548,129.171,0.02191567695961995
news,8,0,architecture - software,2014,718.5768330905826,132.70271428571428,0.022431155220708973
news,8,0,architecture - software,2015,726.1326041072758,137.66014285714286,0.023159512593731973
news,8,0,architecture - software,2016,714.7011025576185,130.20685714285713,0.020517941560488046
news,8,0,architecture - software,2017,745.4765332133053,129.52957142857144,0.0179031888636588
news,8,0,architecture - software,2018,705.0156724768232,125.237,0.017728907134767838
news,8,0,architecture - software,2019,711.3688424446705,120.47728571428571,0.01610658899923606
news,8,0,architecture - software,2020,709.9770448352032,130.97457142857144,0.018320684211578044
news,8,0,architecture - software,2021,734.5661577806572,129.36072144288576,0.018506540978953614
news,8,0,architecture - software,2022,720.8903944495747,133.35785857429144,0.019113925551711545
news,8,0,architecture - software,2023,747.229039958025,130.53851681517676,0.017266999578727085
news,8,1,automation - software,1990,1488.6681696437472,455.26416040100247,0.20144431876150554
news,8,1,automation - software,1991,964.990435257547,294.9701726844584,0.1917881486895048
news,8,1,automation - software,1992,1136.4860572478497,346.3705357142857,0.15020404844505017
news,8,1,automation - software,1993,1006.7726117167932,298.18156544054744,0.1267778764628178
news,8,1,automation - software,1994,1009.7978424494568,288.6967821782178,0.11388433222020428
news,8,1,automation - software,1995,829.1083405803404,268.21073205401564,0.10745622277805113
news,8,1,automation - software,1996,751.9606226281502,246.1060267857143,0.09789420317649733
news,8,1,automation - software,1997,705.8704128576219,231.2489285714286,0.08873711764060958
news,8,1,automation - software,1998,790.3269647634739,239.90301974448315,0.05517548752173026
news,8,1,automation - software,1999,687.3204389259665,195.039586919105,0.04241835296196281
news,8,1,automation - software,2000,645.9192357082566,173.6831983805668,0.03721516999797874
news,8,1,automation - software,2001,609.6362863961589,162.25014285714286,0.0352641040767535
news,8,1,automation - software,2002,609.2755169744328,152.315,0.03235925217760782
news,8,1,automation - software,2003,634.7401403160854,145.113,0.030175296319401124
news,8,1,automation - software,2004,586.315495365109,140.893,0.02772392758756395
news,8,1,automation - software,2005,580.2928374802538,133.226,0.025468552857962148
news,8,1,automation - software,2006,601.1528305324357,129.29485714285715,0.024594798771705756
news,8,1,automation - software,2007,609.3994866262393,131.43314285714288,0.02194575769863798
news,8,1,automation - software,2008,602.41847855128,122.19614285714286,0.019750467570250986
news,8,1,automation - software,2009,593.1945087193826,122.22785714285715,0.020357737698677075
news,8,1,automation - software,2010,596.6724580869246,115.414,0.02054726722449706
news,8,1,automation - software,2011,570.5292316852374,113.63742857142857,0.020493675125595776
news,8,1,automation - software,2012,562.8938567547534,111.11042857142857,0.019367339824198807
news,8,1,automation - software,2013,582.6742311364868,109.04642857142856,0.018501260361626838
news,8,1,automation - software,2014,579.1576226902114,107.74814285714285,0.01821300589201198
news,8,1,automation - software,2015,571.9717682273572,106.923,0.017988391655450877
news,8,1,automation - software,2016,580.7273834033214,105.39614285714285,0.016608279681239027
news,8,1,automation - software,2017,613.1017624916022,108.421,0.014985625431928128
news,8,1,automation - software,2018,588.8521920180519,104.04985714285715,0.01472959472577253
news,8,1,automation - software,2019,600.0794071326064,103.77785714285714,0.013874045072574484
news,8,1,automation - software,2020,564.8612244035295,105.807,0.01480025178346622
news,8,1,automation - software,2021,589.4137604477831,103.2567142857143,0.014772062129572858
news,8,1,automation - software,2022,578.9953593753556,105.04528571428571,0.015055938901287907
news,8,1,automation - software,2023,602.0861610852064,103.01886520737328,0.013626834022139322
news,8,2,data collection - software,1990,1536.4806102611478,458.29118964659034,0.20278371223300456
news,8,2,data collection - software,1991,,,
news,8,2,data collection - software,1992,1112.1954964250829,318.1529017857143,0.13796743355841903
news,8,2,data collection - software,1993,1045.5751416425587,300.463539445629,0.12774810350579463
news,8,2,data collection - software,1994,1058.7879052483052,293.5907087770841,0.1158148752572324
news,8,2,data collection - software,1995,664.9301369595688,222.02327246688148,0.08895163159730829
news,8,2,data collection - software,1996,750.6881859295038,220.24109536576023,0.08760584541199692
news,8,2,data collection - software,1997,680.1881021399361,213.6140776699029,0.08197009887563426
news,8,2,data collection - software,1998,779.2280850477695,234.8310495626822,0.0540089810401753
news,8,2,data collection - software,1999,720.0662102951032,200.2762390670554,0.04355725077578412
news,8,2,data collection - software,2000,652.4518964745637,174.7232323232323,0.03743801849651432
news,8,2,data collection - software,2001,625.7401503810647,167.96485943775102,0.036506163755216474
news,8,2,data collection - software,2002,627.9175203439527,159.23728571428572,0.033829888615739476
news,8,2,data collection - software,2003,669.5922271301428,159.73142857142858,0.03321510263494044
news,8,2,data collection - software,2004,591.2225962974743,145.24385714285714,0.028580058469668858
news,8,2,data collection - software,2005,601.6976407956415,141.39914285714286,0.02703099653166562
news,8,2,data collection - software,2006,627.705151442981,136.69257142857143,0.0260020109242099
news,8,2,data collection - software,2007,618.6848504669899,137.0147142857143,0.022877728216015074
news,8,2,data collection - software,2008,632.0151531777387,131.0734285714286,0.021185296358724515
news,8,2,data collection - software,2009,630.2971628312974,132.2862857142857,0.02203302560197963
news,8,2,data collection - software,2010,643.3017366742162,128.351,0.022850453978992345
news,8,2,data collection - software,2011,612.3609603860258,125.69085714285714,0.022667422388251965
news,8,2,data collection - software,2012,596.5721880554764,123.1812857142857,0.021471376279289824
news,8,2,data collection - software,2013,604.4146256187928,115.54,0.019602986087546657
news,8,2,data collection - software,2014,597.1810730237016,112.52057142857143,0.01901970443349754
news,8,2,data collection - software,2015,611.0283533189618,118.49542857142856,0.01993530090367237
news,8,2,data collection - software,2016,612.2011264288632,113.472,0.01788086983926883
news,8,2,data collection - software,2017,638.0268500559833,117.26342857142856,0.01620779938789614
news,8,2,data collection - software,2018,631.1140541392034,114.94457142857144,0.016271881572561073
news,8,2,data collection - software,2019,627.010389605357,111.00457142857144,0.014840183346065699
news,8,2,data collection - software,2020,588.2100505822164,112.1422857142857,0.015686429670483386
news,8,2,data collection - software,2021,613.2519147204579,108.32,0.015496423462088698
news,8,2,data collection - software,2022,595.6320724414645,109.10985714285715,0.015638506111918752
news,8,2,data collection - software,2023,619.4246011026147,106.62236652236652,0.014103487635233667
news,8,3,data processing - software,1990,1610.2441246815827,519.9416433239963,0.2300626740371665
news,8,3,data processing - software,1991,968.9494735164284,296.98881987577636,0.1931006631181901
news,8,3,data processing - software,1992,1152.8714555869867,339.204329004329,0.1470964132716084
news,8,3,data processing - software,1993,1043.965682106776,296.0907164052565,0.1258889100362485
news,8,3,data processing - software,1994,1067.5377603441052,304.6986430456087,0.12019670337104882
news,8,3,data processing - software,1995,920.6269953950398,302.3616614529023,0.12113848615901536
news,8,3,data processing - software,1996,828.7534867284189,263.6615218951902,0.10487729590103033
news,8,3,data processing - software,1997,750.4713034741524,235.79925524712255,0.09048321383235708
news,8,3,data processing - software,1998,967.3839168411225,319.1296457607433,0.07339688264966497
news,8,3,data processing - software,1999,784.0125085827209,227.3350754936121,0.04944216517912399
news,8,3,data processing - software,2000,796.4255059873916,231.92612819775798,0.04969490640620484
news,8,3,data processing - software,2001,707.6014694657749,199.27885714285713,0.04331207501474835
news,8,3,data processing - software,2002,748.6052141513907,203.84985714285713,0.04330780903821056
news,8,3,data processing - software,2003,811.0688891423393,214.0747142857143,0.04451543237382289
news,8,3,data processing - software,2004,758.8311643221772,211.15285714285713,0.041549165120593694
news,8,3,data processing - software,2005,773.3216369262635,216.45557142857143,0.041379386623699374
news,8,3,data processing - software,2006,757.4208870152215,188.33457142857142,0.03582548438816272
news,8,3,data processing - software,2007,776.9347396795695,189.61914285714286,0.03166123607566253
news,8,3,data processing - software,2008,800.871391804939,200.8977142857143,0.03247094137477199
news,8,3,data processing - software,2009,776.7840762515254,191.0377142857143,0.03181840677643476
news,8,3,data processing - software,2010,769.3394550526285,176.002,0.03133380808260638
news,8,3,data processing - software,2011,739.0527010283108,175.7094285714286,0.031687904160762594
news,8,3,data processing - software,2012,726.2081366994878,172.4727142857143,0.03006322368584875
news,8,3,data processing - software,2013,730.0646925204837,157.45085714285713,0.02671375248436667
news,8,3,data processing - software,2014,733.0866890448422,159.0345714285714,0.026882111465275766
news,8,3,data processing - software,2015,721.600249333686,155.0617142857143,0.026087098634877907
news,8,3,data processing - software,2016,732.1896327278104,153.753,0.024228332808068076
news,8,3,data processing - software,2017,798.5606620380453,169.83314285714286,0.023473827623654853
news,8,3,data processing - software,2018,738.4475982156357,152.1885714285714,0.0215442485034784
news,8,3,data processing - software,2019,787.1804230936883,163.35785714285714,0.021839285714285714
news,8,3,data processing - software,2020,731.7831785624575,158.2427142857143,0.022134943948204543
news,8,3,data processing - software,2021,743.6586021164752,150.70214285714286,0.02155967708972001
news,8,3,data processing - software,2022,714.0565782985336,146.29114285714286,0.020967628329818383
news,8,3,data processing - software,2023,738.4120449665921,142.08652729384437,0.018794514192307453
news,8,4,interoperability - software,1990,1661.3237327569216,540.6650326797386,0.23923231534501707
news,8,4,interoperability - software,1991,,,
news,8,4,interoperability - software,1992,1323.524225184579,435.7910607356715,0.18898137933029988
news,8,4,interoperability - software,1993,1130.1873243867992,331.3452031839129,0.14087806257819424
news,8,4,interoperability - software,1994,1178.317907040037,307.55797101449275,0.12132464339822199
news,8,4,interoperability - software,1995,986.5356370487384,281.9775224775225,0.11297176381310997
news,8,4,interoperability - software,1996,895.2372030771452,274.3975229046488,0.10914778158498362
news,8,4,interoperability - software,1997,808.4101651007134,231.56275510204082,0.08885754224944008
news,8,4,interoperability - software,1998,880.6894208845393,229.85728628800916,0.05286506124379236
news,8,4,interoperability - software,1999,744.536808658913,173.27838459327393,0.03768559908509655
news,8,4,interoperability - software,2000,703.5065206012978,159.9118999712561,0.03426438825182261
news,8,4,interoperability - software,2001,636.2884568977274,142.3610077297452,0.030941318784991352
news,8,4,interoperability - software,2002,627.6561743730155,131.20642857142857,0.027874745819296488
news,8,4,interoperability - software,2003,657.2661433935414,131.55242857142858,0.027355464456524967
news,8,4,interoperability - software,2004,609.0998543344127,127.3742857142857,0.025063810648226235
news,8,4,interoperability - software,2005,588.7103189833076,117.56042857142856,0.022473796324111752
news,8,4,interoperability - software,2006,604.8705493642282,111.379,0.021186798554308543
news,8,4,interoperability - software,2007,599.21106448397,113.256,0.018910669560861577
news,8,4,interoperability - software,2008,584.7091254151715,103.98628571428571,0.016807222517259694
news,8,4,interoperability - software,2009,565.0793486934402,100.06657142857144,0.016666650804225754
news,8,4,interoperability - software,2010,582.4350225664707,99.11557142857143,0.017645642056003462
news,8,4,interoperability - software,2011,555.1549309885943,97.3682857142857,0.017559654772639443
news,8,4,interoperability - software,2012,541.262012883118,94.396,0.01645389576433676
news,8,4,interoperability - software,2013,555.3862775928286,91.53328571428571,0.015529909350913761
news,8,4,interoperability - software,2014,552.8876436946789,90.30414285714285,0.015264391963682025
news,8,4,interoperability - software,2015,545.652413116758,89.46457142857143,0.015051240146125744
news,8,4,interoperability - software,2016,566.3621824751565,91.382,0.014399936968168926
news,8,4,interoperability - software,2017,587.6097174309738,90.78757142857144,0.012548385822884785
news,8,4,interoperability - software,2018,570.0334839855307,89.53771428571429,0.012675214366607346
news,8,4,interoperability - software,2019,633.0347853981176,102.64542857142857,0.013722650878533232
news,8,4,interoperability - software,2020,583.9440482542495,97.72728571428571,0.013670063745179145
news,8,4,interoperability - software,2021,604.7039250021742,96.62085714285715,0.013822726343756387
news,8,4,interoperability - software,2022,579.0310579167716,95.323,0.013662462376379534
news,8,4,interoperability - software,2023,612.2804263737659,95.10986804360297,0.012580670376137961
news,8,5,medical imaging - software,1990,1591.6276553143982,511.6386554621849,0.22638878560273668
news,8,5,medical imaging - software,1991,,,
news,8,5,medical imaging - software,1992,1542.877142515305,568.1665913200724,0.24638620612318834
news,8,5,medical imaging - software,1993,1281.0053195217488,491.5577922077922,0.2089956599522926
news,8,5,medical imaging - software,1994,,,
news,8,5,medical imaging - software,1995,1047.7256881954313,442.6706152758133,0.17735200932524572
news,8,5,medical imaging - software,1996,876.3143937649356,314.51552795031057,0.12510561970974962
news,8,5,medical imaging - software,1997,876.988611453555,319.42857142857144,0.12257427913605964
news,8,5,medical imaging - software,1998,1027.7764712732394,369.9545980335454,0.08508615410155138
news,8,5,medical imaging - software,1999,931.4324508016381,327.71975806451616,0.07127441454208702
news,8,5,medical imaging - software,2000,881.3026497442576,295.31963207818336,0.06327825842686595
news,8,5,medical imaging - software,2001,850.3938553218833,294.5741428571428,0.06402393889527122
news,8,5,medical imaging - software,2002,836.5968856485848,266.84485714285717,0.056691068014203774
news,8,5,medical imaging - software,2003,873.6395316244468,265.94628571428575,0.05530178534295814
news,8,5,medical imaging - software,2004,784.7979978663961,221.764,0.04363715072805982
news,8,5,medical imaging - software,2005,776.3814589513076,212.82014285714288,0.040684408881120786
news,8,5,medical imaging - software,2006,818.4209917464684,230.46742857142857,0.043840104350661706
news,8,5,medical imaging - software,2007,866.9212179864924,259.9614285714286,0.04340648331464828
news,8,5,medical imaging - software,2008,826.6729757460665,212.1402857142857,0.03428806945438593
news,8,5,medical imaging - software,2009,801.2667069194555,203.3932857142857,0.033876296754544594
news,8,5,medical imaging - software,2010,773.1972380343623,175.10585714285713,0.031174266893868104
news,8,5,medical imaging - software,2011,727.5550968016682,162.85128571428572,0.029369032590493366
news,8,5,medical imaging - software,2012,715.8089196475369,160.3132857142857,0.02794374859931771
news,8,5,medical imaging - software,2013,748.5936616610322,163.56257142857143,0.027750690775122402
news,8,5,medical imaging - software,2014,738.9338726526256,159.21457142857142,0.026912537428764607
news,8,5,medical imaging - software,2015,744.4349703897984,163.60685714285714,0.027524706787156315
news,8,5,medical imaging - software,2016,728.4584672804689,148.2835714285714,0.023366462563594616
news,8,5,medical imaging - software,2017,748.4229040365029,144.304,0.01994526606772633
news,8,5,medical imaging - software,2018,718.4041199137799,140.14228571428572,0.01983894191878337
news,8,5,medical imaging - software,2019,713.4182489793809,129.68471428571428,0.017337528647822766
news,8,5,medical imaging - software,2020,684.3987365484251,135.11585714285712,0.018899966029214878
news,8,5,medical imaging - software,2021,712.6933940178458,133.66071428571428,0.01912170447578173
news,8,5,medical imaging - software,2022,731.4980257453683,150.72,0.021602407911709903
news,8,5,medical imaging - software,2023,749.2757472103551,142.64658634538154,0.01886859607743142
news,8,7,project management - software,1990,1594.0232606651502,486.78738095238094,0.2153926464391066
news,8,7,project management - software,1991,,,
news,8,7,project management - software,1992,1247.0221798583539,429.21859410430835,0.1861312203401164
news,8,7,project management - software,1993,1119.0400567282977,368.29049066435084,0.15658609296953693
news,8,7,project management - software,1994,1103.7765960510274,332.8903909389843,0.131317708457193
news,8,7,project management - software,1995,884.5056283009882,265.70997846374735,0.10645431829477055
news,8,7,project management - software,1996,839.0674020499528,272.76450892857144,0.10849821357540629
news,8,7,project management - software,1997,854.8184757086403,291.8238795518207,0.11198153474743695
news,8,7,project management - software,1998,918.7982779422892,287.06020408163266,0.06602120609053189
news,8,7,project management - software,1999,785.520395908489,224.6066336921734,0.04884876765814994
news,8,7,project management - software,2000,732.6829410553055,198.94848484848484,0.04262877326944179
news,8,7,project management - software,2001,666.8015189119246,178.94736087205965,0.0388931451580221
news,8,7,project management - software,2002,678.7461079944435,172.48371428571429,0.03664408631521442
news,8,7,project management - software,2003,709.5762803393753,167.67385714285712,0.03486667854914891
news,8,7,project management - software,2004,668.6409252771917,165.75,0.0326151121605667
news,8,7,project management - software,2005,640.2748799975408,152.049,0.02906690881284649
news,8,7,project management - software,2006,668.3311043649875,149.45614285714288,0.028429930161145683
news,8,7,project management - software,2007,691.8122811851263,153.72242857142857,0.02566746177515922
news,8,7,project management - software,2008,682.4829321643707,143.3315714285714,0.023166570458796096
news,8,7,project management - software,2009,671.5717403797215,140.8672857142857,0.023462239459408014
news,8,7,project management - software,2010,702.8014299316687,143.462,0.02554068007833363
news,8,7,project management - software,2011,655.1959901450949,136.946,0.024697204688908927
news,8,7,project management - software,2012,647.8259422940152,134.95614285714288,0.023523817824149005
news,8,7,project management - software,2013,697.0329352354049,140.85114285714286,0.02389737747830724
news,8,7,project management - software,2014,675.1819018774702,132.9367142857143,0.02247070897324447
news,8,7,project management - software,2015,672.788843667122,133.91542857142858,0.022529513555085562
news,8,7,project management - software,2016,679.5516133746555,130.86371428571428,0.02062144883165999
news,8,7,project management - software,2017,716.7729136740161,135.72542857142858,0.018759561654654953
news,8,7,project management - software,2018,711.9247257729749,138.6807142857143,0.01963203769616567
news,8,7,project management - software,2019,700.5848148010642,128.93057142857143,0.01723670741023682
news,8,7,project management - software,2020,663.152638583986,130.378,0.01823723597705973
news,8,7,project management - software,2021,687.9334577033153,126.88842857142856,0.018152851011649297
news,8,7,project management - software,2022,700.3787407926202,137.1024285714286,0.019650627572227113
news,8,7,project management - software,2023,701.4908953014095,127.26756678281068,0.016834334230530514
news,8,8,software - systems design,1990,1274.220508844521,364.7730249693,0.1614039933492478
news,8,8,software - systems design,1991,,,
news,8,8,software - systems design,1992,1142.010425555896,291.2267665130568,0.1262908788001114
news,8,8,software - systems design,1993,1033.1944029903755,242.5577971646674,0.10312831512103206
news,8,8,software - systems design,1994,1021.2814514517969,216.02992277992277,0.08521890444967369
news,8,8,software - systems design,1995,727.2625370333055,180.71653796653797,0.07240245912120911
news,8,8,software - systems design,1996,728.12262501344,190.77024358130348,0.07588315178253917
news,8,8,software - systems design,1997,754.6049268525267,233.4206525182135,0.08957047295403434
news,8,8,software - systems design,1998,856.6430422842903,258.409,0.05943169273229071
news,8,8,software - systems design,1999,794.8937892745748,240.92871428571428,0.05239858944882868
news,8,8,software - systems design,2000,715.3214164460334,189.44485714285713,0.04059242707153571
news,8,8,software - systems design,2001,725.6069157249717,210.12785714285712,0.045670040674387555
news,8,8,software - systems design,2002,748.7321924292175,223.7725714285714,0.04754038058818173
news,8,8,software - systems design,2003,746.9144079504916,180.5825714285714,0.03755096099575202
news,8,8,software - systems design,2004,732.4158349165084,215.2002857142857,0.042345589475459605
news,8,8,software - systems design,2005,749.7134636615025,217.58228571428572,0.04159477838162602
news,8,8,software - systems design,2006,723.1768891743883,168.0372857142857,0.03196448273050898
news,8,8,software - systems design,2007,757.4935150565232,175.75885714285712,0.029346945590725856
news,8,8,software - systems design,2008,752.8276323800519,170.611,0.02757572329077097
news,8,8,software - systems design,2009,751.719698996266,171.6417142857143,0.02858789378509565
news,8,8,software - systems design,2010,777.3452637764241,187.422,0.033366921844400925
news,8,8,software - systems design,2011,708.4551498840866,157.45314285714286,0.02839551719695994
news,8,8,software - systems design,2012,738.1045983541351,189.676,0.03306187903085236
news,8,8,software - systems design,2013,771.8958019560441,194.04814285714286,0.03292299675214504
news,8,8,software - systems design,2014,743.6798273196432,170.97885714285712,0.028901091471071186
news,8,8,software - systems design,2015,783.1154656153371,213.50657142857142,0.035919678907902326
news,8,8,software - systems design,2016,754.3682257592579,172.31114285714287,0.02715271712214668
news,8,8,software - systems design,2017,829.2399628610469,200.44442857142857,0.02770482772238128
news,8,8,software - systems design,2018,765.2163746342916,163.74614285714287,0.023180371299142532
news,8,8,software - systems design,2019,770.5331772647147,156.68121958202119,0.020946687109895883
news,8,8,software - systems design,2020,755.4109926393147,181.82085714285714,0.02543304757908199
news,8,8,software - systems design,2021,761.7821253589303,162.14085714285713,0.0231961169016963
news,8,8,software - systems design,2022,750.9147016263926,167.18780417978815,0.023962706633193085
news,8,8,software - systems design,2023,771.9742667686077,157.95763447079239,0.020893866993491054
news,8,9,software - usability,1990,,,
news,8,9,software - usability,1991,,,
news,8,9,software - usability,1992,1038.1174867303962,294.9103547459252,0.12788827178921303
news,8,9,software - usability,1993,1062.9012194542681,307.6044124071647,0.13078418894862445
news,8,9,software - usability,1994,1027.662967256816,271.13663003663004,0.10695725050754637
news,8,9,software - usability,1995,864.2129719185722,252.49703923019985,0.10116067276850955
news,8,9,software - usability,1996,756.0801539933924,221.80706921944034,0.08822874670622131
news,8,9,software - usability,1997,,,
news,8,9,software - usability,1998,805.943584706151,239.32967032967034,0.05504362243092693
news,8,9,software - usability,1999,702.2545685606854,197.21629374641424,0.04289175592570992
news,8,9,software - usability,2000,653.8185586905694,175.56695526695526,0.03761880335696492
news,8,9,software - usability,2001,612.647716708703,164.1237142857143,0.03567131368957059
news,8,9,software - usability,2002,617.7394838421591,156.198,0.03318419375398343
news,8,9,software - usability,2003,628.3285985666232,145.6295714285714,0.030282713958946023
news,8,9,software - usability,2004,584.2774401701282,141.25942857142857,0.02779603080901782
news,8,9,software - usability,2005,579.0551241942951,134.46414285714286,0.025705246197121556
news,8,9,software - usability,2006,595.4277314437966,128.24342857142855,0.024394793336775456
news,8,9,software - usability,2007,599.4261591829062,131.77285714285713,0.02200248073849677
news,8,9,software - usability,2008,611.0555025064702,126.68571428571428,0.020476113509894017
news,8,9,software - usability,2009,598.71418890969,125.02785714285714,0.020824093461501856
news,8,9,software - usability,2010,592.2030301406767,115.985,0.02064892291258679
news,8,9,software - usability,2011,564.1401482367966,113.312,0.020434986474301173
news,8,9,software - usability,2012,563.6471891199714,111.86742857142856,0.019499290320974128
news,8,9,software - usability,2013,575.8091374669444,109.55828571428572,0.018588104125260557
news,8,9,software - usability,2014,567.3826684024438,106.01228571428571,0.017919588525065196
news,8,9,software - usability,2015,568.262059321069,107.07285714285715,0.01801360315323976
news,8,9,software - usability,2016,576.6384046431452,104.83328571428571,0.016519584890369636
news,8,9,software - usability,2017,618.060102432046,110.29114285714286,0.01524411096850627
news,8,9,software - usability,2018,631.6901918416016,114.84814285714286,0.016258230868791457
news,8,9,software - usability,2019,611.4203561629828,106.0367142857143,0.014176031321619558
news,8,9,software - usability,2020,582.4914835855487,109.53128571428572,0.015321203764762304
news,8,9,software - usability,2021,602.6633321438208,104.70942857142856,0.014979889638258737
news,8,9,software - usability,2022,599.3418909806929,110.403,0.015823849792174285
news,8,9,software - usability,2023,600.1848991651492,100.1949374454466,0.013253298603895054
news,8,10,software - user interface,1990,1561.7557730668325,423.9200968523003,0.18757526409393818
news,8,10,software - user interface,1991,1005.6481954132651,299.4389989572471,0.19469375744944548
news,8,10,software - user interface,1992,1142.749734630666,298.50731158605174,0.1294480969583919
news,8,10,software - user interface,1993,1017.4487469892581,240.6552795031056,0.10231942155744286
news,8,10,software - user interface,1994,1013.2942520823246,217.21011348464617,0.08568446291307542
news,8,10,software - user interface,1995,777.8599377083468,203.80167687842632,0.08165131285193361
news,8,10,software - user interface,1996,698.4223062873809,178.63787375415282,0.07105722901915386
news,8,10,software - user interface,1997,741.6095044134877,220.65004793863855,0.08467001072088969
news,8,10,software - user interface,1998,787.3642323778959,206.48382479244202,0.047489380127056585
news,8,10,software - user interface,1999,691.7701708855408,165.77742857142857,0.03605424718821848
news,8,10,software - user interface,2000,635.905141714818,146.57758373890638,0.03140723885556169
news,8,10,software - user interface,2001,604.0287573020216,136.80328571428572,0.029733380942031234
news,8,10,software - user interface,2002,604.524651935642,126.82542857142856,0.026944004370390604
news,8,10,software - user interface,2003,632.6173008219944,124.68,0.02592638802245789
news,8,10,software - user interface,2004,582.3496000843355,119.93857142857144,0.02360066340585821
news,8,10,software - user interface,2005,590.0218692134927,117.85,0.0225291531255974
news,8,10,software - user interface,2006,606.2940520116181,112.61471428571429,0.02142185928965461
news,8,10,software - user interface,2007,630.4364559818164,117.88357142857143,0.019683348042840446
news,8,10,software - user interface,2008,612.5649434390493,107.94557142857144,0.017447158789166223
news,8,10,software - user interface,2009,603.5110751605911,107.02642857142857,0.017825854192443136
news,8,10,software - user interface,2010,595.8017101416248,100.79528571428571,0.017944683232025232
news,8,10,software - user interface,2011,563.9050184063506,97.1062857142857,0.01751240499806776
news,8,10,software - user interface,2012,556.6450145206937,95.94728571428571,0.01672429592370328
news,8,10,software - user interface,2013,581.929483684872,94.82614285714286,0.016088588879732416
news,8,10,software - user interface,2014,570.3569421920095,93.1997142857143,0.015753839466821212
news,8,10,software - user interface,2015,571.0879192501334,96.97814285714286,0.016315299942318784
news,8,10,software - user interface,2016,580.1449605442291,95.19957142857143,0.015001508261672144
news,8,10,software - user interface,2017,612.0017695458434,95.83742857142856,0.013246361931088952
news,8,10,software - user interface,2018,595.5527425318149,97.08242857142857,0.01374326565280699
news,8,10,software - user interface,2019,601.2192255343227,94.64385714285714,0.012652922077922077
news,8,10,software - user interface,2020,562.2471133586777,94.371,0.013200587494754511
news,8,10,software - user interface,2021,589.5772510424772,92.60557142857144,0.01324829348048232
news,8,10,software - user interface,2022,584.7609338508856,97.47457142857144,0.013970842973852864
news,8,10,software - user interface,2023,602.7795680850602,94.08187804179788,0.012444692862671677
news,8,11,software - visualization,1990,1626.2123510927568,532.910373066424,0.23580105002939117
news,8,11,software - visualization,1991,,,
news,8,11,software - visualization,1992,1264.909048629896,448.2552521008403,0.1943864926716567
news,8,11,software - visualization,1993,1093.4649347797829,345.3146771037182,0.14681746475498222
news,8,11,software - visualization,1994,1066.1962256076968,303.94709654435337,0.11990023532321632
news,8,11,software - visualization,1995,924.1098239266448,301.18131868131866,0.1206655924204001
news,8,11,software - visualization,1996,804.9728894532329,245.52128427128426,0.09766160869979484
news,8,11,software - visualization,1997,883.6332651267946,316.3188896411645,0.12138100139722353
news,8,11,software - visualization,1998,901.6709865623617,272.46111751152074,0.06266355048563035
news,8,11,software - visualization,1999,775.9470472683166,217.50344234079174,0.047303923954065186
news,8,11,software - visualization,2000,721.4212185356137,192.62316757688993,0.04127344494898006
news,8,11,software - visualization,2001,747.4161371674229,206.85314285714287,0.04495830099046791
news,8,11,software - visualization,2002,685.5613638270803,171.28514285714286,0.03638945036268172
news,8,11,software - visualization,2003,711.9590462491844,166.223,0.034564982324807654
news,8,11,software - visualization,2004,658.9572919740658,157.8962857142857,0.0310697138359476
news,8,11,software - visualization,2005,656.8544959480644,152.37528571428572,0.02912928421225114
news,8,11,software - visualization,2006,720.6844797260837,162.59585714285714,0.030929400255441723
news,8,11,software - visualization,2007,705.3881648136954,153.87428571428572,0.025692817784986763
news,8,11,software - visualization,2008,688.7555884529053,143.6802857142857,0.023222932877692858
news,8,11,software - visualization,2009,670.3785623254327,140.3532857142857,0.02337662986580375
news,8,11,software - visualization,2010,729.1846884266605,151.73214285714286,0.027013021694346245
news,8,11,software - visualization,2011,664.53167112322,136.62928571428571,0.024640087595001935
news,8,11,software - visualization,2012,635.2656532444146,129.42585714285715,0.022559849597848552
news,8,11,software - visualization,2013,659.3801169359734,127.29071428571429,0.021596660041688885
news,8,11,software - visualization,2014,647.418133682994,123.78314285714285,0.02092345213947648
news,8,11,software - visualization,2015,637.9840657080124,123.666,0.020805181695827728
news,8,11,software - visualization,2016,646.2030091937794,121.20042857142856,0.019098712349736615
news,8,11,software - visualization,2017,672.9631950436861,121.58557142857144,0.01680519301016882
news,8,11,software - visualization,2018,643.7454972516432,117.26985714285715,0.01660105565442485
news,8,11,software - visualization,2019,659.4104753822057,118.00714285714285,0.015776355996944234
news,8,11,software - visualization,2020,607.6504928607825,115.44914285714286,0.016148991866994387
news,8,11,software - visualization,2021,667.8396194833929,121.03657142857143,0.01731567545473125
news,8,11,software - visualization,2022,680.6327104303881,131.63542857142858,0.01886705296996253
news,8,11,software - visualization,2023,668.9042397839073,118.85454019664546,0.015721500026011304
paper,6,0,architecture - software,1990,8411.915414677936,868.5912681912682,0.06906188027282088
paper,6,0,architecture - software,1991,2902.2710865753274,605.1707910750507,0.04788501274529599
paper,6,0,architecture - software,1992,1489.4476672305666,497.995171026157,0.03839888742587377
paper,6,0,architecture - software,1993,1155.0458650272496,462.10301204819274,0.03537495307725582
paper,6,0,architecture - software,1994,1015.7505646363377,438.6052,0.03325285822592873
paper,6,0,architecture - software,1995,1017.4104016289872,411.16573146292586,0.03022832902976958
paper,6,0,architecture - software,1996,931.0074098932471,393.948,0.028638266938063393
paper,6,0,architecture - software,1997,892.491189525514,374.798,0.0268191771019678
paper,6,0,architecture - software,1998,779.6136738396052,345.19559999999996,0.02453764572078476
paper,6,0,architecture - software,1999,787.015996667135,339.2218,0.02348368293527172
paper,6,0,architecture - software,2000,693.8185288070127,312.6366,0.020875841346153844
paper,6,0,architecture - software,2001,750.5652634795548,306.2568,0.020106144957983192
paper,6,0,architecture - software,2002,687.5000299738427,291.7062,0.018454241791611314
paper,6,0,architecture - software,2003,645.2786919413443,282.1394,0.017591931662302034
paper,6,0,architecture - software,2004,651.19848734871,275.76079999999996,0.017023322427310326
paper,6,0,architecture - software,2005,608.0325516373557,266.1418,0.016174899720432723
paper,6,0,architecture - software,2006,611.9536796648624,263.09,0.015697494033412886
paper,6,0,architecture - software,2007,611.3386218788467,258.3188,0.015162223396137818
paper,6,0,architecture - software,2008,600.6481625416545,254.0254,0.014773213143355626
paper,6,0,architecture - software,2009,588.5205953608295,247.8376,0.01424108487042464
paper,6,0,architecture - software,2010,590.1919350439521,244.548,0.014006987799988544
paper,6,0,architecture - software,2011,606.1757309838614,242.34820000000002,0.013783881242179502
paper,6,0,architecture - software,2012,620.1259828797002,243.7696,0.01374046558818556
paper,6,0,architecture - software,2013,627.221976028692,247.8586,0.013937951976606872
paper,6,0,architecture - software,2014,637.6413395192872,250.1922,0.014099306846999156
paper,6,0,architecture - software,2015,633.047461751673,246.0506,0.013862005633802816
paper,6,0,architecture - software,2016,632.6089240319508,244.6654,0.013794068895529121
paper,6,0,architecture - software,2017,641.646100156566,244.0616,0.01376002706207363
paper,6,0,architecture - software,2018,614.7260277450391,240.52939999999998,0.013429893914014517
paper,6,0,architecture - software,2019,607.3111074925127,238.688,0.013242052704576976
paper,6,0,architecture - software,2020,633.9674719452532,246.583,0.013548516483516484
paper,6,0,architecture - software,2021,609.1823216982498,242.7894,0.013437535975204782
paper,6,0,architecture - software,2022,613.9530709504734,242.33360000000002,0.013430148525825759
paper,6,0,architecture - software,2023,638.8158033600932,246.6276,0.013617558389928773
paper,6,1,automation - software,1990,5265.939654515692,802.1081300813008,0.0637757915306751
paper,6,1,automation - software,1991,1817.9755624387735,560.304462474645,0.04433489970522591
paper,6,1,automation - software,1992,1251.815770835106,495.4315261044177,0.03820121259190513
paper,6,1,automation - software,1993,1068.8871825869503,431.8213114754098,0.03305682549761998
paper,6,1,automation - software,1994,1128.730157171335,450.41903807615233,0.03414852449402216
paper,6,1,automation - software,1995,1058.515484524727,372.57684210526315,0.02739132790069572
paper,6,1,automation - software,1996,1083.749292607827,435.79679999999996,0.031680488514102934
paper,6,1,automation - software,1997,1084.371873440842,430.7218,0.030820880143112704
paper,6,1,automation - software,1998,975.4808085628534,411.6232,0.02925953938015354
paper,6,1,automation - software,1999,949.1936363679338,362.0153374233129,0.02506163637406112
paper,6,1,automation - software,2000,878.6167759028872,379.213,0.025321380876068375
paper,6,1,automation - software,2001,851.835748182602,364.1556,0.023907274159663868
paper,6,1,automation - software,2002,832.6605136877918,362.478,0.02293148605048396
paper,6,1,automation - software,2003,775.4236651658929,344.4606,0.021477777777777776
paper,6,1,automation - software,2004,855.296523950414,343.377,0.021197419593802086
paper,6,1,automation - software,2005,807.4207948786172,334.2354,0.020313321988574207
paper,6,1,automation - software,2006,850.455203827,333.66240000000005,0.019908257756563245
paper,6,1,automation - software,2007,776.8432903584627,320.55440000000004,0.018815190467805366
paper,6,1,automation - software,2008,777.0398228161147,315.95340000000004,0.018374725210817098
paper,6,1,automation - software,2009,765.1285237541782,311.092,0.017875768545653047
paper,6,1,automation - software,2010,787.7287337053169,309.377,0.017720201615212785
paper,6,1,automation - software,2011,830.9749669919663,305.3026,0.017364497781822318
paper,6,1,automation - software,2012,775.1455595097326,298.528,0.016827010878755426
paper,6,1,automation - software,2013,781.4315251033225,294.38620000000003,0.01655436090648372
paper,6,1,automation - software,2014,809.6036045140638,296.71979999999996,0.01672131868131868
paper,6,1,automation - software,2015,805.8249356554817,297.7404,0.016774107042253524
paper,6,1,automation - software,2016,813.4821688681967,292.7642,0.01650584653549078
paper,6,1,automation - software,2017,819.4419795759902,294.8132,0.016621367762304787
paper,6,1,automation - software,2018,831.7830732924548,293.04720000000003,0.016362211055276382
paper,6,1,automation - software,2019,787.7825628099638,288.617,0.016012038834951458
paper,6,1,automation - software,2020,844.6986499420569,300.9734,0.016537
paper,6,1,automation - software,2021,801.6105767621473,296.837,0.01642887978746956
paper,6,1,automation - software,2022,818.8809563231091,297.97020000000003,0.01651353358457105
paper,6,1,automation - software,2023,804.3156685420398,295.40659999999997,0.016310893931864613
paper,6,2,data collection - software,1990,11796.822441394677,1161.3649590163934,0.09234037998063079
paper,6,2,data collection - software,1991,4191.26556868329,802.4022267206478,0.06349123490430826
paper,6,2,data collection - software,1992,3065.382752861307,829.9132264529059,0.06399207544551667
paper,6,2,data collection - software,1993,2157.12296243797,644.3568,0.049326862129679246
paper,6,2,data collection - software,1994,2096.855795439245,642.229,0.048690598938589846
paper,6,2,data collection - software,1995,1769.2948052805928,563.6324649298597,0.0414374698522173
paper,6,2,data collection - software,1996,1546.9094229136954,527.3838000000001,0.038338455946496076
paper,6,2,data collection - software,1997,1356.2117539385283,485.0434,0.03470793559928444
paper,6,2,data collection - software,1998,1291.985144377766,474.3598,0.03371906454364516
paper,6,2,data collection - software,1999,1210.1623540119242,445.6324,0.030850287296642437
paper,6,2,data collection - software,2000,1087.5156863003765,411.1448,0.02745357905982906
paper,6,2,data collection - software,2001,1082.7087226451692,396.2288,0.026012920168067225
paper,6,2,data collection - software,2002,1029.8399330595373,386.191,0.024431644208262163
paper,6,2,data collection - software,2003,1013.3920536437356,382.483,0.023848547200399053
paper,6,2,data collection - software,2004,935.2510953472962,357.4624,0.02206694240385209
paper,6,2,data collection - software,2005,929.0227515856063,361.4468,0.021967108301932662
paper,6,2,data collection - software,2006,948.0592707633174,351.6082,0.02097900954653938
paper,6,2,data collection - software,2007,881.9899200106686,341.68940000000003,0.020055725773316897
paper,6,2,data collection - software,2008,850.7561681310314,335.916,0.01953567897644664
paper,6,2,data collection - software,2009,853.3477067127244,333.6946,0.019174544618743895
paper,6,2,data collection - software,2010,832.0132440646382,325.0786,0.018619542929148292
paper,6,2,data collection - software,2011,866.0091912911962,322.247,0.018328233420543738
paper,6,2,data collection - software,2012,782.4832881109962,305.95140000000004,0.01724544275970915
paper,6,2,data collection - software,2013,812.1813585955871,312.6298,0.017580262048023394
paper,6,2,data collection - software,2014,821.38879104104,314.02340000000004,0.01769644406875176
paper,6,2,data collection - software,2015,807.368938476855,311.6412,0.017557250704225355
paper,6,2,data collection - software,2016,790.949513586327,301.824,0.01701663189941929
paper,6,2,data collection - software,2017,784.4395647372465,300.9094,0.016965067373287478
paper,6,2,data collection - software,2018,755.8680609935815,295.27959999999996,0.01648685650474595
paper,6,2,data collection - software,2019,751.3836483981629,299.9242,0.016639345353675453
paper,6,2,data collection - software,2020,727.4304518844554,292.366,0.016064065934065935
paper,6,2,data collection - software,2021,722.4345916313222,295.7384,0.0163680761567412
paper,6,2,data collection - software,2022,715.3872048052679,292.2574,0.016196929727333186
paper,6,2,data collection - software,2023,717.1810765436067,293.5816,0.016210126442493512
paper,6,3,data processing - software,1990,12426.063583018948,1103.3591836734695,0.08772832819221352
paper,6,3,data processing - software,1991,3450.990266214023,629.4812627291242,0.04980861392064601
paper,6,3,data processing - software,1992,2453.4013839880126,621.0684738955823,0.04788869410868859
paper,6,3,data processing - software,1993,1904.720034733627,548.6875751503005,0.042003182664801395
paper,6,3,data processing - software,1994,2218.379215542739,641.77,0.04865579984836998
paper,6,3,data processing - software,1995,1728.6227150383029,527.6261999999999,0.038790339655932954
paper,6,3,data processing - software,1996,1715.7725666669646,546.316,0.039714742657749345
paper,6,3,data processing - software,1997,1570.081316120638,507.4112,0.03630849373881932
paper,6,3,data processing - software,1998,1330.1528890144818,458.71840000000003,0.03260722206425931
paper,6,3,data processing - software,1999,1296.8943076157561,445.364,0.030831706472827968
paper,6,3,data processing - software,2000,1379.3837543164393,461.4884,0.030815197649572648
paper,6,3,data processing - software,2001,1337.0061493058013,431.6918,0.02834111081932773
paper,6,3,data processing - software,2002,1327.295079864632,441.38120000000004,0.027923147972417284
paper,6,3,data processing - software,2003,1284.6721006933967,433.6382,0.027038171841875545
paper,6,3,data processing - software,2004,1213.6333591255857,413.4448,0.02552285943576764
paper,6,3,data processing - software,2005,1135.9960510804474,400.864,0.024362708156071472
paper,6,3,data processing - software,2006,1146.2798783949634,388.72,0.02319331742243437
paper,6,3,data processing - software,2007,1060.5206276547162,381.86859999999996,0.02241407524798967
paper,6,3,data processing - software,2008,1073.9644392218734,390.9554,0.02273657458563536
paper,6,3,data processing - software,2009,1172.1403961067938,429.3678,0.02467205654197552
paper,6,3,data processing - software,2010,1139.4763774030278,410.7326,0.023525551291597457
paper,6,3,data processing - software,2011,1262.180649178867,432.781,0.024615003981344558
paper,6,3,data processing - software,2012,1215.1150603608241,429.3172,0.024199154500873683
paper,6,3,data processing - software,2013,1175.7815639957457,409.3306,0.02301808468762301
paper,6,3,data processing - software,2014,1212.908367848282,424.9212,0.023945967878275572
paper,6,3,data processing - software,2015,1136.3941150325077,405.0074,0.022817318309859155
paper,6,3,data processing - software,2016,1189.6456643433498,409.8974,0.023109736708575294
paper,6,3,data processing - software,2017,1171.1576404201985,406.2528,0.022904256638664935
paper,6,3,data processing - software,2018,1150.374078768906,402.6948,0.02248435510887772
paper,6,3,data processing - software,2019,1131.0514393120914,406.42379999999997,0.022547783633841884
paper,6,3,data processing - software,2020,1076.9584429857798,382.026,0.020990439560439562
paper,6,3,data processing - software,2021,1091.9355334067227,396.219,0.021929322559220723
paper,6,3,data processing - software,2022,1109.8208628682598,399.301,0.022129295056528483
paper,6,3,data processing - software,2023,1112.5894469205389,404.8324,0.022352846336480593
paper,6,4,interoperability - software,1990,18686.214661989176,1791.5286298568508,0.14244483023430474
paper,6,4,interoperability - software,1991,5936.953487681776,1060.3672764227642,0.08390309197837982
paper,6,4,interoperability - software,1992,3158.224316435118,769.5864,0.059340458015267175
paper,6,4,interoperability - software,1993,3177.2340584591498,886.598,0.0678709331700222
paper,6,4,interoperability - software,1994,2656.2574945452425,740.3066,0.05612635329795299
paper,6,4,interoperability - software,1995,2197.276323450176,634.6440881763527,0.04665814499164481
paper,6,4,interoperability - software,1996,1916.276434233574,578.5545999999999,0.0420583454492585
paper,6,4,interoperability - software,1997,1821.4264774065296,562.2824,0.04023487656529517
paper,6,4,interoperability - software,1998,1591.5029467093411,526.5704000000001,0.03743036678987774
paper,6,4,interoperability - software,1999,1609.3376462040521,523.5758,0.03624616130148841
paper,6,4,interoperability - software,2000,1443.313788628392,469.44640000000004,0.0313465811965812
paper,6,4,interoperability - software,2001,1416.3695799973023,444.5314,0.02918404674369748
paper,6,4,interoperability - software,2002,1275.404040122436,419.3746,0.026530941987726955
paper,6,4,interoperability - software,2003,1233.5807602316397,406.5926,0.02535182691108617
paper,6,4,interoperability - software,2004,1162.5388681682284,386.79,0.023877399839496268
paper,6,4,interoperability - software,2005,1043.2505140644932,359.7468,0.021863789959888174
paper,6,4,interoperability - software,2006,1084.4806657319948,357.6466,0.021339295942720764
paper,6,4,interoperability - software,2007,1049.9732723778975,360.4794,0.02115861947525973
paper,6,4,interoperability - software,2008,905.3349509960356,316.264,0.018392788601337598
paper,6,4,interoperability - software,2009,867.1546432905988,303.5672,0.01744338332471413
paper,6,4,interoperability - software,2010,846.4152059685064,295.2214,0.016909410619164903
paper,6,4,interoperability - software,2011,1047.9598321274702,334.7402,0.019038801046524858
paper,6,4,interoperability - software,2012,997.4854122883287,328.0858,0.018493083817146722
paper,6,4,interoperability - software,2013,1066.4089842744463,346.7884,0.019501119046280154
paper,6,4,interoperability - software,2014,1055.7893051954263,342.29879999999997,0.019289873203719356
paper,6,4,interoperability - software,2015,1015.3116771958231,333.6162,0.018795278873239438
paper,6,4,interoperability - software,2016,990.2249453936273,320.5652,0.01807324801262897
paper,6,4,interoperability - software,2017,1002.767220897398,324.8062,0.018312352709026328
paper,6,4,interoperability - software,2018,973.7492169674032,321.81059999999997,0.01796820770519263
paper,6,4,interoperability - software,2019,894.5064639077818,303.8424,0.016856721220527046
paper,6,4,interoperability - software,2020,1066.7237572580866,356.94559999999996,0.019612395604395604
paper,6,4,interoperability - software,2021,964.3616410010569,329.1974,0.018219913659508525
paper,6,4,interoperability - software,2022,1008.1197790265016,342.1036,0.0189594103303037
paper,6,4,interoperability - software,2023,940.3214397037019,320.7944,0.017712682899895093
paper,6,5,medical imaging - software,1990,17057.496418468472,1496.8543434343435,0.1190152137579982
paper,6,5,medical imaging - software,1991,7008.1120994058365,1159.070766129032,0.09171314813491314
paper,6,5,medical imaging - software,1992,4158.772557810076,952.5577154308617,0.07344881759818503
paper,6,5,medical imaging - software,1993,3720.2216136194074,893.4606,0.06839627956824619
paper,6,5,medical imaging - software,1994,3447.3072391394708,855.4164328657314,0.06485340658572641
paper,6,5,medical imaging - software,1995,2914.4026828478864,751.9742,0.05528409057491545
paper,6,5,medical imaging - software,1996,2918.23051695451,782.4322,0.05687933992439662
paper,6,5,medical imaging - software,1997,2600.568885020146,720.437,0.05155184257602862
paper,6,5,medical imaging - software,1998,2325.4750143925685,686.1354,0.0487727750924083
paper,6,5,medical imaging - software,1999,2278.426760259033,658.8684000000001,0.045612211838006234
paper,6,5,medical imaging - software,2000,2179.2930489835517,648.34,0.043291933760683764
paper,6,5,medical imaging - software,2001,2433.254009803625,701.147,0.04603118434873949
paper,6,5,medical imaging - software,2002,2211.2465881248836,663.659,0.04198513316884925
paper,6,5,medical imaging - software,2003,2155.5890360921485,665.7275999999999,0.04150939019827909
paper,6,5,medical imaging - software,2004,2142.0190597544106,655.9118000000001,0.04049088215321933
paper,6,5,medical imaging - software,2005,2036.6403238617045,637.1972,0.03872597544669989
paper,6,5,medical imaging - software,2006,2143.8704559458956,647.5148,0.03863453460620525
paper,6,5,medical imaging - software,2007,1990.6314921905,636.3492,0.037351012502201096
paper,6,5,medical imaging - software,2008,1921.5183871517113,616.388,0.03584693224774644
paper,6,5,medical imaging - software,2009,1943.4830393318166,631.0161999999999,0.036259047290697004
paper,6,5,medical imaging - software,2010,1969.59427921254,640.5324,0.0366878057162495
paper,6,5,medical imaging - software,2011,1982.1382302524237,615.108,0.034985098396086906
paper,6,5,medical imaging - software,2012,1809.2526548137223,591.6766,0.03335080322417
paper,6,5,medical imaging - software,2013,1951.1147293722224,616.8308000000001,0.03468654332789743
paper,6,5,medical imaging - software,2014,1922.583793938838,609.941,0.03437255564947873
paper,6,5,medical imaging - software,2015,1865.8044772300868,604.031,0.034029915492957745
paper,6,5,medical imaging - software,2016,1846.8398854377774,582.2498,0.03282684783221514
paper,6,5,medical imaging - software,2017,1784.63109666838,565.1302,0.03186165642442352
paper,6,5,medical imaging - software,2018,1913.8641993782412,615.5545999999999,0.034369324399776656
paper,6,5,medical imaging - software,2019,1798.2917267742812,595.4874,0.03303674895977809
paper,6,5,medical imaging - software,2020,1923.348728759266,630.225,0.034627747252747254
paper,6,5,medical imaging - software,2021,1796.2844874555115,604.4448000000001,0.03345388532211645
paper,6,5,medical imaging - software,2022,1810.0930281537926,611.7514,0.03390331412103746
paper,6,5,medical imaging - software,2023,1794.7022575051317,606.2124,0.03347205565678317
paper,6,7,project management - software,1990,17922.27344346601,1589.698762886598,0.1263972937017252
paper,6,7,project management - software,1991,6552.644381619368,1103.1182555780933,0.08728582493892176
paper,6,7,project management - software,1992,4131.922724168192,971.181124497992,0.0748848118203402
paper,6,7,project management - software,1993,3045.938800049515,791.6857429718875,0.060605201176750174
paper,6,7,project management - software,1994,2903.4663396613983,769.9476953907816,0.0583735932820911
paper,6,7,project management - software,1995,2362.5248019987816,656.0168674698796,0.048229441807813515
paper,6,7,project management - software,1996,2303.2315918717773,674.3444000000001,0.0490218377435301
paper,6,7,project management - software,1997,2167.3650565265334,658.6614000000001,0.0471314060822898
paper,6,7,project management - software,1998,2002.9516201216436,633.36,0.04502132499289167
paper,6,7,project management - software,1999,2173.5886384036544,688.978,0.04769664243682935
paper,6,7,project management - software,2000,1888.1136703239135,597.124248496994,0.03987207855882706
paper,6,7,project management - software,2001,1853.4809991104971,566.2428000000001,0.03717455357142857
paper,6,7,project management - software,2002,1765.563862730899,564.8384,0.03573343455431138
paper,6,7,project management - software,2003,1767.161768771113,566.7868000000001,0.03534024192542711
paper,6,7,project management - software,2004,1611.8664951692895,519.301,0.032057596147910365
paper,6,7,project management - software,2005,1567.1539514086153,519.3568,0.03156416676795916
paper,6,7,project management - software,2006,1513.8120252857725,482.2928,0.028776420047732697
paper,6,7,project management - software,2007,1394.2101387479452,468.34020000000004,0.02748959323824617
paper,6,7,project management - software,2008,1334.0307440003185,452.3428,0.02630664728118639
paper,6,7,project management - software,2009,1339.8976004989852,452.0098,0.025973096592541517
paper,6,7,project management - software,2010,1281.6598303961537,433.39279999999997,0.024823460679305805
paper,6,7,project management - software,2011,1385.1530429219285,444.403,0.0252760209304971
paper,6,7,project management - software,2012,1326.383081471986,444.26079999999996,0.025041474550476298
paper,6,7,project management - software,2013,1411.1940082930296,465.9602,0.026202564246752515
paper,6,7,project management - software,2014,1346.6310959574037,445.2752,0.025092995209918284
paper,6,7,project management - software,2015,1343.9036090867082,449.86240000000004,0.02534436056338028
paper,6,7,project management - software,2016,1388.2399741158915,453.61940000000004,0.025574753340474713
paper,6,7,project management - software,2017,1466.762051393616,480.231,0.02707509725432711
paper,6,7,project management - software,2018,1436.4615584577325,478.4014,0.0267114126186488
paper,6,7,project management - software,2019,1382.663389959797,474.796,0.026340970873786406
paper,6,7,project management - software,2020,1467.924477126565,501.7694,0.027569747252747252
paper,6,7,project management - software,2021,1357.3803584367752,467.247,0.025860471551914985
paper,6,7,project management - software,2022,1400.3391285302941,480.55559999999997,0.02663243183329639
paper,6,7,project management - software,2023,1425.894621571586,491.0978,0.027115995803655236
paper,6,8,software - systems design,1990,13943.438390689247,1258.5427698574338,0.10006700881429863
paper,6,8,software - systems design,1991,5210.840569667558,924.9715447154472,0.07318970918780243
paper,6,8,software - systems design,1992,3568.4977842704457,874.990342052314,0.067467834224097
paper,6,8,software - systems design,1993,2981.103793295207,785.7310483870967,0.0601493568389418
paper,6,8,software - systems design,1994,2971.438434351779,818.9665330661322,0.06208995701790237
paper,6,8,software - systems design,1995,2577.871954923042,751.8973790322581,0.05527844280490061
paper,6,8,software - systems design,1996,2769.5966558990535,840.466,0.06109813899389357
paper,6,8,software - systems design,1997,2604.1703957905024,813.03,0.058177459749552775
paper,6,8,software - systems design,1998,2206.3651699126317,726.021,0.051607975547341485
paper,6,8,software - systems design,1999,2257.46075564353,749.2286573146292,0.051867681364806455
paper,6,8,software - systems design,2000,2318.617119999262,784.9771543086172,0.05241567536782968
paper,6,8,software - systems design,2001,2364.014107888377,753.6878,0.04948055409663866
paper,6,8,software - systems design,2002,2300.608228661357,761.0011999999999,0.048143303599671027
paper,6,8,software - systems design,2003,2066.867757128164,672.849,0.04195342312008979
paper,6,8,software - systems design,2004,1961.255546035136,636.9875999999999,0.03932264954626829
paper,6,8,software - systems design,2005,1988.6225959217575,686.502,0.04172249908836757
paper,6,8,software - systems design,2006,1979.5076706992284,634.7536,0.03787312649164678
paper,6,8,software - systems design,2007,1821.6880300910448,623.4298,0.03659269824499618
paper,6,8,software - systems design,2008,1736.942500032399,583.2281999999999,0.03391847630125037
paper,6,8,software - systems design,2009,1702.9873558579689,564.5598,0.0324403723495949
paper,6,8,software - systems design,2010,1730.4498042261484,583.9742,0.03344831891860931
paper,6,8,software - systems design,2011,1808.948762684745,587.5084,0.033415333864179275
paper,6,8,software - systems design,2012,1769.4372723539532,590.3624,0.033276726227382904
paper,6,8,software - systems design,2013,1869.9044032183524,627.526,0.03528797165832537
paper,6,8,software - systems design,2014,1811.4441528543075,610.191,0.03438664412510566
paper,6,8,software - systems design,2015,1734.6395581397962,586.7424,0.03305590985915493
paper,6,8,software - systems design,2016,1792.9839581678216,598.0432,0.033717268985736036
paper,6,8,software - systems design,2017,1836.2459231254288,623.6024,0.0351582793031516
paper,6,8,software - systems design,2018,1716.6268984289513,580.484,0.032411166945840314
paper,6,8,software - systems design,2019,1671.3432257724241,583.0826,0.03234854923717059
paper,6,8,software - systems design,2020,1715.252151018329,599.6028,0.03294520879120879
paper,6,8,software - systems design,2021,1634.5132921894913,578.4588,0.03201565198140359
paper,6,8,software - systems design,2022,1683.3740348449603,596.3774000000001,0.03305128574595433
paper,6,8,software - systems design,2023,1688.1771941615013,598.2218,0.033030854177019495
paper,6,9,software - usability,1990,6016.26410102555,805.4717525773195,0.06404323388545119
paper,6,9,software - usability,1991,2636.7214746716368,600.0949083503054,0.047483376194833476
paper,6,9,software - usability,1992,1627.7098831118678,517.8392354124749,0.03992900265344089
paper,6,9,software - usability,1993,1243.929757048923,458.5054435483871,0.035099551676367385
paper,6,9,software - usability,1994,1439.4500625759933,490.34749498997996,0.03717570090902047
paper,6,9,software - usability,1995,1257.5557310059721,449.3674747474747,0.03303686772147292
paper,6,9,software - usability,1996,1138.7508608167886,449.253,0.03265869438790346
paper,6,9,software - usability,1997,1349.510445903721,471.8356,0.033762833631484794
paper,6,9,software - usability,1998,1106.8638389341306,422.3658,0.030023158942280352
paper,6,9,software - usability,1999,1226.9514146946253,429.81359999999995,0.029755181723779858
paper,6,9,software - usability,2000,1129.7341622345873,399.1506,0.026652684294871793
paper,6,9,software - usability,2001,1184.5372514636717,401.35020000000003,0.026349146533613445
paper,6,9,software - usability,2002,1120.9287331605767,389.1114,0.02461639779844373
paper,6,9,software - usability,2003,1129.4986809058819,386.236,0.02408255393440579
paper,6,9,software - usability,2004,1081.2990438445177,373.45959999999997,0.0230544848447435
paper,6,9,software - usability,2005,987.9112246732855,358.791,0.021805700741461043
paper,6,9,software - usability,2006,971.1614356930007,339.9436,0.020283031026252986
paper,6,9,software - usability,2007,908.841512049962,332.9318,0.019541691612373072
paper,6,9,software - usability,2008,873.7980565529188,323.4658,0.018811619656877
paper,6,9,software - usability,2009,875.028092891935,318.27840000000003,0.01828870884330288
paper,6,9,software - usability,2010,895.2409655067269,320.5772,0.01836171602039063
paper,6,9,software - usability,2011,974.9943410299682,326.4042,0.01856467978614492
paper,6,9,software - usability,2012,893.5103182025738,312.9086,0.01763759652781692
paper,6,9,software - usability,2013,889.5916116682992,308.8362,0.017366934712928078
paper,6,9,software - usability,2014,869.3894521314318,300.98,0.016961397576782195
paper,6,9,software - usability,2015,849.4112235671168,298.94640000000004,0.01684205070422535
paper,6,9,software - usability,2016,876.4040142417625,296.7604,0.01673114957433613
paper,6,9,software - usability,2017,859.2423727559959,295.139,0.016639736144782095
paper,6,9,software - usability,2018,843.9165669018735,293.49,0.016386934673366833
paper,6,9,software - usability,2019,812.3035326423242,292.17859999999996,0.016209631067961167
paper,6,9,software - usability,2020,859.1306263784115,303.91,0.016698351648351647
paper,6,9,software - usability,2021,795.6843055783266,290.36940000000004,0.01607092096524242
paper,6,9,software - usability,2022,812.6498678137837,291.428,0.01615096430946575
paper,6,9,software - usability,2023,824.4061057904577,297.07759999999996,0.01640315830158467
paper,6,10,software - user interface,1990,8374.439615140207,864.0599173553719,0.06870159158427064
paper,6,10,software - user interface,1991,3243.5967179474587,634.7607287449392,0.05022635929300042
paper,6,10,software - user interface,1992,1609.3065204311135,523.0256513026052,0.04032891135034353
paper,6,10,software - user interface,1993,1230.3368864736228,449.94587525150905,0.03444429880207525
paper,6,10,software - user interface,1994,1126.946934235856,450.3116,0.03414037907505686
paper,6,10,software - user interface,1995,1055.1263919143462,427.0401209677419,0.03139539192528613
paper,6,10,software - user interface,1996,986.3232021364569,422.38917835671344,0.030705814070711938
paper,6,10,software - user interface,1997,994.9996122957223,407.7794,0.02917920572450805
paper,6,10,software - user interface,1998,929.2050616644033,384.01140000000004,0.02729680125106625
paper,6,10,software - user interface,1999,957.5737996146263,375.227,0.02597625475943233
paper,6,10,software - user interface,2000,905.6234263964695,350.69440000000003,0.023417094017094017
paper,6,10,software - user interface,2001,1137.9171498327885,381.4796,0.025044616596638654
paper,6,10,software - user interface,2002,1013.8479014613349,357.27840000000003,0.02260254317707345
paper,6,10,software - user interface,2003,1037.150141446433,355.891,0.022190485097892506
paper,6,10,software - user interface,2004,979.0045478407237,344.19579999999996,0.02124796592382246
paper,6,10,software - user interface,2005,926.9908056971926,337.235,0.020495624164336937
paper,6,10,software - user interface,2006,963.9595293483525,329.518,0.019660978520286396
paper,6,10,software - user interface,2007,891.0238849913819,322.4488,0.01892638375300816
paper,6,10,software - user interface,2008,869.6460716589385,316.538,0.018408723466123874
paper,6,10,software - user interface,2009,868.5845963356571,311.486,0.017898408320404527
paper,6,10,software - user interface,2010,895.4685351118767,312.08459999999997,0.017875284953319207
paper,6,10,software - user interface,2011,939.3958486421345,309.394,0.017597201683539985
paper,6,10,software - user interface,2012,881.4711448507392,302.76959999999997,0.017066095485034665
paper,6,10,software - user interface,2013,881.5894623188196,300.55359999999996,0.01690117527976157
paper,6,10,software - user interface,2014,880.3629287280281,298.76140000000004,0.016836370808678502
paper,6,10,software - user interface,2015,867.9558623247367,296.897,0.016726591549295775
paper,6,10,software - user interface,2016,856.1011326461578,287.8364,0.016228020522072506
paper,6,10,software - user interface,2017,841.0134143788948,287.9674,0.01623540621300107
paper,6,10,software - user interface,2018,858.7409530870333,289.1986,0.016147325516471245
paper,6,10,software - user interface,2019,869.6890786229276,299.9852,0.016642729542302358
paper,6,10,software - user interface,2020,934.8020917457816,315.1712,0.017317098901098903
paper,6,10,software - user interface,2021,820.1470899227727,290.4108,0.01607321230905468
paper,6,10,software - user interface,2022,849.5751987146365,295.4966,0.016376446464198627
paper,6,10,software - user interface,2023,867.2997943148544,302.0324,0.01667673789409751
paper,6,11,software - visualization,1990,9725.918434936568,942.0752100840336,0.07490460444335163
paper,6,11,software - visualization,1991,2878.378432548298,646.1774127310063,0.05112972089974729
paper,6,11,software - visualization,1992,1988.0920374468737,621.9040322580646,0.047953121463340624
paper,6,11,software - visualization,1993,1724.8986720821924,571.6836693548387,0.04376358182307576
paper,6,11,software - visualization,1994,1588.2392496415569,539.3342685370741,0.04088963370258333
paper,6,11,software - visualization,1995,1335.321706329517,459.2495901639344,0.03376338701396371
paper,6,11,software - visualization,1996,1288.7416709320598,480.17951807228917,0.03490691466067818
paper,6,11,software - visualization,1997,1241.9327553699504,472.38779999999997,0.03380234704830054
paper,6,11,software - visualization,1998,1117.8257923991944,442.0464,0.03142212112595962
paper,6,11,software - visualization,1999,1124.227832347727,427.4042084168337,0.029588384106392085
paper,6,11,software - visualization,2000,1090.5927487199724,410.54649298597195,0.027413628003870993
paper,6,11,software - visualization,2001,1075.6464606354548,388.72204408817635,0.02552009218015864
paper,6,11,software - visualization,2002,1081.3307246658048,386.7256,0.02446546466755235
paper,6,11,software - visualization,2003,1012.1800929606129,373.26640000000003,0.023273874547948624
paper,6,11,software - visualization,2004,988.1408192201337,363.0192,0.02240997592443978
paper,6,11,software - visualization,2005,936.2757518950835,353.806,0.021502734897289412
paper,6,11,software - visualization,2006,956.5700333425478,347.4948,0.0207335799522673
paper,6,11,software - visualization,2007,873.346180582662,333.95340000000004,0.01960165522098961
paper,6,11,software - visualization,2008,852.6554131744589,329.5412,0.019164943297470195
paper,6,11,software - visualization,2009,844.0614142594633,323.68420000000003,0.018599333448256046
paper,6,11,software - visualization,2010,952.9549282996361,335.1564,0.019196769574431526
paper,6,11,software - visualization,2011,965.0284458838778,326.2654,0.01855678534865203
paper,6,11,software - visualization,2012,923.2311871743794,321.1696,0.01810324107998422
paper,6,11,software - visualization,2013,939.9950916850186,323.36220000000003,0.01818378226395996
paper,6,11,software - visualization,2014,899.6141107326388,315.9304,0.017803910960834037
paper,6,11,software - visualization,2015,863.65802729795,311.3436,0.017540484507042254
paper,6,11,software - visualization,2016,878.0036035283965,307.9246,0.017360579579410274
paper,6,11,software - visualization,2017,866.1126394768246,306.4208,0.017275796357895924
paper,6,11,software - visualization,2018,875.16637008854,305.37620000000004,0.01705059743160246
paper,6,11,software - visualization,2019,846.9233030398053,304.9896,0.01692036615811373
paper,6,11,software - visualization,2020,901.1492747380601,312.8902,0.017191769230769233
paper,6,11,software - visualization,2021,839.081033509205,304.5528,0.0168559220721718
paper,6,11,software - visualization,2022,838.1311682918952,302.699,0.016775604078918198
paper,6,11,software - visualization,2023,836.8542186494816,304.3618,0.0168053558610789
paper,8,0,architecture - software,1990,8607.346638682926,971.8558063558063,0.07727246611718266
paper,8,0,architecture - software,1991,2838.27929865253,658.6653520303828,0.05211784713011415
paper,8,0,architecture - software,1992,1607.1020527468327,564.1398390342052,0.04349910085852458
paper,8,0,architecture - software,1993,1283.2999868300026,523.6189521900944,0.040084127091027676
paper,8,0,architecture - software,1994,1131.4782884390036,490.68252371371085,0.037201101115520156
paper,8,0,architecture - software,1995,1125.5115100808653,468.9726596049241,0.03447821346896957
paper,8,0,architecture - software,1996,1043.361270298262,451.5967649584884,0.03282907567305092
paper,8,0,architecture - software,1997,994.9270529668377,432.69085714285717,0.03096177868642985
paper,8,0,architecture - software,1998,890.3171150818614,406.4184285714286,0.028889567001096714
paper,8,0,architecture - software,1999,889.530143614316,400.225,0.02770681896850121
paper,8,0,architecture - software,2000,818.2443936630464,378.9092857142857,0.025301100808913308
paper,8,0,architecture - software,2001,860.3509973077731,369.32557142857144,0.024246689300720287
paper,8,0,architecture - software,2002,802.6916705356374,357.32057142857144,0.02260521107285199
paper,8,0,architecture - software,2003,761.2539575334919,344.76585714285716,0.021496811144959292
paper,8,0,architecture - software,2004,762.930182571723,336.698,0.020785110191987158
paper,8,0,architecture - software,2005,721.5016663081313,328.24142857142857,0.01994903540606713
paper,8,0,architecture - software,2006,720.5778710918718,323.44142857142856,0.019298414592567335
paper,8,0,architecture - software,2007,717.4932325114696,320.0137142857143,0.01878345449819301
paper,8,0,architecture - software,2008,708.4121878546636,315.66171428571425,0.018357761807834504
paper,8,0,architecture - software,2009,697.05843707663,310.69842857142856,0.01785315339719753
paper,8,0,architecture - software,2010,693.523334633823,304.6005714285714,0.017446621881469237
paper,8,0,architecture - software,2011,708.930175212276,304.4491428571428,0.01731595625396103
paper,8,0,architecture - software,2012,719.2117080722792,304.71628571428573,0.017175823556410896
paper,8,0,architecture - software,2013,720.871600228783,307.67671428571424,0.017301732794563027
paper,8,0,architecture - software,2014,726.30657317948,308.9402857142857,0.017409990741858873
paper,8,0,architecture - software,2015,719.590992529612,305.328,0.017201577464788734
paper,8,0,architecture - software,2016,716.0515229347867,303.43114285714285,0.01710724152095297
paper,8,0,architecture - software,2017,723.0636276419634,302.201,0.017037886903083947
paper,8,0,architecture - software,2018,699.3495596430248,299.051,0.01669743160245673
paper,8,0,architecture - software,2019,694.2433609151499,299.3964285714286,0.016610065385377452
paper,8,0,architecture - software,2020,714.9523863255919,304.2111428571428,0.016714897959183673
paper,8,0,architecture - software,2021,693.8440171002723,301.36628571428577,0.01667955975837313
paper,8,0,architecture - software,2022,695.8929309197584,298.4151428571428,0.016538192355195235
paper,8,0,architecture - software,2023,711.9561185915949,301.26385714285715,0.016634302752076478
paper,8,1,automation - software,1990,6234.986146399536,976.6677842565597,0.0776550675245734
paper,8,1,automation - software,1991,2151.262480103398,695.182251082251,0.055007299500099
paper,8,1,automation - software,1992,1513.4746895900785,621.5419660822075,0.04792520364578669
paper,8,1,automation - software,1993,1313.073400819645,543.7958969751423,0.04162871445878758
paper,8,1,automation - software,1994,1327.9291310335473,563.3501428571428,0.042710397487273906
paper,8,1,automation - software,1995,1221.579178547095,472.89484126984127,0.03476656677472734
paper,8,1,automation - software,1996,1227.013680554752,541.3242857142857,0.03935186723715366
paper,8,1,automation - software,1997,1209.2370561451592,528.2064285714285,0.03779652440582673
paper,8,1,automation - software,1998,1105.4877982993116,510.70185714285714,0.03630237824444535
paper,8,1,automation - software,1999,1062.889491250359,442.7964509394572,0.030653959912735007
paper,8,1,automation - software,2000,1017.4227083657028,472.774,0.03156877670940171
paper,8,1,automation - software,2001,990.854914669181,454.8632857142857,0.02986234806422569
paper,8,1,automation - software,2002,966.7590834751123,450.8078571428572,0.028519507632242497
paper,8,1,automation - software,2003,919.1836088266077,432.0918571428572,0.02694175440471737
paper,8,1,automation - software,2004,979.8291277744765,421.93228571428574,0.02604681064968737
paper,8,1,automation - software,2005,934.577818401355,412.73,0.025083870183541995
paper,8,1,automation - software,2006,968.2454550616542,408.9738571428572,0.02440178145243778
paper,8,1,automation - software,2007,902.6093232336103,397.61028571428574,0.023338045765938002
paper,8,1,automation - software,2008,902.4953392596406,393.59328571428574,0.022889984630083498
paper,8,1,automation - software,2009,891.1747533499706,388.13714285714286,0.022302887022762907
paper,8,1,automation - software,2010,908.2814694277026,383.94614285714283,0.021991302070974446
paper,8,1,automation - software,2011,940.9892880236074,379.52028571428576,0.021585728911061638
paper,8,1,automation - software,2012,895.3830726567576,373.522,0.021054168310692744
paper,8,1,automation - software,2013,901.4048449085308,371.023,0.0208639149749761
paper,8,1,automation - software,2014,921.2400184180368,371.8344285714286,0.02095432113673872
paper,8,1,automation - software,2015,913.8153306600914,370.4395714285714,0.020869835010060362
paper,8,1,automation - software,2016,921.6440909048858,367.1775714285714,0.020701221820407702
paper,8,1,automation - software,2017,925.9763404148952,368.39014285714285,0.02076958577308129
paper,8,1,automation - software,2018,930.3537274557358,364.56642857142856,0.02035546781526681
paper,8,1,automation - software,2019,894.7801810146656,363.84785714285715,0.02018573409946503
paper,8,1,automation - software,2020,939.47322648934,370.5495714285714,0.02035986656200942
paper,8,1,automation - software,2021,902.7298122761832,367.0634285714286,0.020315664632025048
paper,8,1,automation - software,2022,917.2630129349785,367.1184285714286,0.02034573423694461
paper,8,1,automation - software,2023,905.5535320008739,365.90257142857143,0.020203333412211994
paper,8,2,data collection - software,1990,11578.834945108043,1204.5402967704392,0.09577326045721868
paper,8,2,data collection - software,1991,3914.7435839613713,824.4742508001165,0.06523771568287043
paper,8,2,data collection - software,1992,2768.1773726902984,818.8419085944237,0.06313839992246308
paper,8,2,data collection - software,1993,2054.9795768051526,668.6229602061265,0.05118448749951209
paper,8,2,data collection - software,1994,1970.8097331059269,657.7071141709696,0.049864072340482915
paper,8,2,data collection - software,1995,1714.9014477987869,596.8362019506598,0.04387856211958975
paper,8,2,data collection - software,1996,1513.14854140634,559.2204408817636,0.04065283809841259
paper,8,2,data collection - software,1997,1362.460647211828,530.436,0.03795606440071556
paper,8,2,data collection - software,1998,1284.118028032612,510.8678786143716,0.03631417960011171
paper,8,2,data collection - software,1999,1216.096492664956,485.0054285714286,0.03357600751619443
paper,8,2,data collection - software,2000,1124.276203401861,456.3337142857143,0.030471001221001222
paper,8,2,data collection - software,2001,1116.5785860610151,439.56185714285715,0.028857789990996398
paper,8,2,data collection - software,2002,1069.167742358061,429.29214285714284,0.027158356605120698
paper,8,2,data collection - software,2003,1052.3297076003728,423.7982857142857,0.026424634350560274
paper,8,2,data collection - software,2004,992.5378250754272,403.5915714285714,0.024914597902868783
paper,8,2,data collection - software,2005,980.7165995122756,403.5864285714286,0.024528165100974147
paper,8,2,data collection - software,2006,995.7263781454136,394.4328571428572,0.02353418002045687
paper,8,2,data collection - software,2007,940.4345471940718,385.8294285714286,0.022646559169538567
paper,8,2,data collection - software,2008,914.965393597444,381.13314285714284,0.022165347069330786
paper,8,2,data collection - software,2009,912.6312370230081,377.86814285714286,0.021712816345293505
paper,8,2,data collection - software,2010,898.0098654159387,370.9784285714286,0.021248549663292773
paper,8,2,data collection - software,2011,925.5851221355956,368.7455714285714,0.020972902481433933
paper,8,2,data collection - software,2012,858.6896739862018,355.8145714285714,0.020056060618261172
paper,8,2,data collection - software,2013,874.1760296886066,360.00328571428577,0.0202442380764936
paper,8,2,data collection - software,2014,877.3828207498461,359.4537142857143,0.020256619570905285
paper,8,2,data collection - software,2015,867.2978257885652,358.212,0.020180957746478875
paper,8,2,data collection - software,2016,855.6320090924047,352.412,0.01986874894288775
paper,8,2,data collection - software,2017,846.3185214223499,350.05357142857144,0.019735782343607792
paper,8,2,data collection - software,2018,822.4741957026605,344.57114285714283,0.019239036452101777
paper,8,2,data collection - software,2019,814.8268893728208,347.3551428571428,0.01927074301565286
paper,8,2,data collection - software,2020,800.3208652098168,344.15985714285716,0.018909882260596547
paper,8,2,data collection - software,2021,792.4348104672632,344.01328571428576,0.019039920617350325
paper,8,2,data collection - software,2022,788.8957312089536,341.54942857142856,0.018928698103049688
paper,8,2,data collection - software,2023,789.7751962268554,341.933,0.018879852023632047
paper,8,3,data processing - software,1990,11984.68746717539,1158.7205539358602,0.09213012275867535
paper,8,3,data processing - software,1991,3662.7119591546616,719.6427122573167,0.05694276881289102
paper,8,3,data processing - software,1992,2507.097320770219,674.097389558233,0.051977591915971386
paper,8,3,data processing - software,1993,2022.3232859660395,605.4752802529462,0.046350400386813616
paper,8,3,data processing - software,1994,2195.5147767217004,664.0406527340396,0.050344249638668646
paper,8,3,data processing - software,1995,1779.8167446718041,566.4437446321214,0.041644151200714706
paper,8,3,data processing - software,1996,1747.555942603083,574.7539364443171,0.041782054117789846
paper,8,3,data processing - software,1997,1620.4478357110831,548.1384285714286,0.03922278558650652
paper,8,3,data processing - software,1998,1417.1649106024547,507.11185714285716,0.036047189162841706
paper,8,3,data processing - software,1999,1386.5161377045233,495.442,0.034298511595707855
paper,8,3,data processing - software,2000,1449.7481865839604,504.15845977669625,0.03366442706842256
paper,8,3,data processing - software,2001,1414.6219620467161,478.24942857142855,0.03139767782112845
paper,8,3,data processing - software,2002,1393.9439328265998,483.55185714285716,0.030590994947988684
paper,8,3,data processing - software,2003,1357.4199173987142,474.32714285714286,0.029575205315946058
paper,8,3,data processing - software,2004,1302.4774725706197,459.19471428571427,0.028347102554831426
paper,8,3,data processing - software,2005,1237.9383856624247,450.27514285714284,0.02736569483755578
paper,8,3,data processing - software,2006,1243.4880089124165,439.4157142857143,0.02621812137742925
paper,8,3,data processing - software,2007,1167.2203717480515,433.9367142857143,0.025470253817321965
paper,8,3,data processing - software,2008,1175.8464854841652,438.5462857142857,0.025504291114526647
paper,8,3,data processing - software,2009,1247.7957521222706,465.15128571428573,0.026728224197798408
paper,8,3,data processing - software,2010,1221.1488045350898,450.2938571428572,0.025791503358889807
paper,8,3,data processing - software,2011,1313.6043069024727,465.1758571428572,0.026457505240749468
paper,8,3,data processing - software,2012,1273.9449948789743,460.4085714285714,0.02595166965946516
paper,8,3,data processing - software,2013,1245.895394078804,446.35685714285717,0.025100200030526747
paper,8,3,data processing - software,2014,1269.180936935545,457.47971428571424,0.025780767218129857
paper,8,3,data processing - software,2015,1212.8969044387572,443.94628571428575,0.025011058350100604
paper,8,3,data processing - software,2016,1254.0668729681236,447.3745714285714,0.025222674151692586
paper,8,3,data processing - software,2017,1236.3003840871638,442.829,0.02496639792524102
paper,8,3,data processing - software,2018,1221.7427915182195,442.5122857142857,0.024707553641221982
paper,8,3,data processing - software,2019,1201.2086171143358,445.1012857142857,0.024693552605508224
paper,8,3,data processing - software,2020,1164.3341626665838,426.99771428571427,0.023461412872841442
paper,8,3,data processing - software,2021,1169.5297302773924,435.837,0.024122038963914103
paper,8,3,data processing - software,2022,1190.5335676272553,440.02828571428574,0.0243864046616208
paper,8,3,data processing - software,2023,1188.525112143663,442.97014285714283,0.024458624198395607
paper,8,4,interoperability - software,1990,14741.416717055734,1609.0986880466473,0.1279397859622046
paper,8,4,interoperability - software,1991,4919.548696416255,1012.9470092915215,0.08015089486402291
paper,8,4,interoperability - software,1992,2771.7875246707727,763.5651428571429,0.05887617725785665
paper,8,4,interoperability - software,1993,2655.2625024275253,835.0168909247066,0.06392229127495265
paper,8,4,interoperability - software,1994,2283.89631944654,716.2276516240298,0.05430080755299695
paper,8,4,interoperability - software,1995,1983.2238191464526,643.9321428571428,0.047340989770411915
paper,8,4,interoperability - software,1996,1753.8768819966745,593.939,0.04317672288455947
paper,8,4,interoperability - software,1997,1653.5140620907923,573.9094285714285,0.041066864298492205
paper,8,4,interoperability - software,1998,1484.7666862374112,543.4007142857143,0.038626721231569114
paper,8,4,interoperability - software,1999,1487.6860851329313,534.9661428571428,0.03703469317114177
paper,8,4,interoperability - software,2000,1369.927041078844,491.79528571428574,0.03283889461233211
paper,8,4,interoperability - software,2001,1347.4748666666328,473.2137142857143,0.031067076830732294
paper,8,4,interoperability - software,2002,1232.8134387395387,447.4378571428572,0.028306310947229525
paper,8,4,interoperability - software,2003,1197.4747457251997,433.7914285714286,0.027047725936614826
paper,8,4,interoperability - software,2004,1140.2162674734493,414.22742857142856,0.025571172823719276
paper,8,4,interoperability - software,2005,1045.7978148762445,390.6341428571428,0.023740983521158554
paper,8,4,interoperability - software,2006,1076.063900026074,388.08014285714285,0.02315513978861234
paper,8,4,interoperability - software,2007,1046.0342035121453,390.0885714285714,0.02289655288070502
paper,8,4,interoperability - software,2008,939.7037577466855,358.2907142857143,0.020836912723798444
paper,8,4,interoperability - software,2009,911.0821720628597,348.8008571428572,0.02004257065694749
paper,8,4,interoperability - software,2010,890.6675500603825,338.70814285714283,0.01940020292440248
paper,8,4,interoperability - software,2011,1041.145955998528,368.627,0.020966158571266068
paper,8,4,interoperability - software,2012,1002.0316596778899,362.86985714285714,0.020453743145417796
paper,8,4,interoperability - software,2013,1049.90031822648,375.6854285714286,0.02112609956539552
paper,8,4,interoperability - software,2014,1042.3609400798111,373.3734285714286,0.021041049792698142
paper,8,4,interoperability - software,2015,1008.9296906441621,365.0264285714286,0.02056486921529175
paper,8,4,interoperability - software,2016,987.4701562114626,354.33828571428575,0.01997735162171087
paper,8,4,interoperability - software,2017,995.97714967693,357.44514285714286,0.02015251411496549
paper,8,4,interoperability - software,2018,974.7473430933513,355.071,0.01982529313232831
paper,8,4,interoperability - software,2019,917.2366519282318,343.40257142857143,0.01905146027342976
paper,8,4,interoperability - software,2020,1041.4869882179978,381.5362857142857,0.02096353218210361
paper,8,4,interoperability - software,2021,966.6415990485035,361.0798571428572,0.019984495082070907
paper,8,4,interoperability - software,2022,999.7192740680647,369.94128571428575,0.020502177217595088
paper,8,4,interoperability - software,2023,946.2575891614532,353.21742857142857,0.019502922454388415
paper,8,5,medical imaging - software,1990,13400.770448636964,1381.4580339177924,0.1098400281400805
paper,8,5,medical imaging - software,1991,5251.78829821959,1046.9923675115208,0.08284478299663876
paper,8,5,medical imaging - software,1992,3329.9050878754806,879.6771371199081,0.0678292186845484
paper,8,5,medical imaging - software,1993,3002.6045712924683,841.5275714285715,0.06442069749893374
paper,8,5,medical imaging - software,1994,2763.7595800848217,797.7622387632408,0.06048235320418808
paper,8,5,medical imaging - software,1995,2401.239954504085,714.5836201950659,0.0525351874867715
paper,8,5,medical imaging - software,1996,2388.8716984644925,730.66,0.05311573131724339
paper,8,5,medical imaging - software,1997,2162.9931453358336,683.0074285714285,0.048873519039100435
paper,8,5,medical imaging - software,1998,1978.1505805346474,651.9577142857144,0.04634331207603883
paper,8,5,medical imaging - software,1999,1943.566034421251,626.7471428571429,0.04338851802403205
paper,8,5,medical imaging - software,2000,1889.5924857157813,616.6638571428572,0.0411768067002442
paper,8,5,medical imaging - software,2001,2037.7386462270474,654.2687142857143,0.04295356580132053
paper,8,5,medical imaging - software,2002,1896.3373569773976,625.7165714285715,0.03958477708790861
paper,8,5,medical imaging - software,2003,1853.9814565148524,623.0948571428571,0.0388511570733793
paper,8,5,medical imaging - software,2004,1845.7152887076338,613.2251428571428,0.037855740654185004
paper,8,5,medical imaging - software,2005,1770.7331193527175,599.2158571428572,0.036417640521627395
paper,8,5,medical imaging - software,2006,1839.5940301777773,607.1795714285715,0.03622789805659734
paper,8,5,medical imaging - software,2007,1735.1125060001216,600.4021428571428,0.035241071952640896
paper,8,5,medical imaging - software,2008,1692.9998870494055,587.1084285714285,0.03414413658455531
paper,8,5,medical imaging - software,2009,1706.021829671112,597.9277142857143,0.03435773799262853
paper,8,5,medical imaging - software,2010,1727.5394023220715,604.1521428571428,0.03460405194210109
paper,8,5,medical imaging - software,2011,1732.6263392629498,584.7008571428571,0.03325565107171295
paper,8,5,medical imaging - software,2012,1627.4754566181182,569.3534285714285,0.032092521761537034
paper,8,5,medical imaging - software,2013,1723.930504635757,590.9765714285714,0.03323267004603112
paper,8,5,medical imaging - software,2014,1701.3419621688051,584.3145714285715,0.03292840639214265
paper,8,5,medical imaging - software,2015,1656.837870709637,579.6708571428571,0.032657513078470826
paper,8,5,medical imaging - software,2016,1653.860969264956,566.823,0.031957095337430234
paper,8,5,medical imaging - software,2017,1611.6810666592205,555.2585714285715,0.0313051007176282
paper,8,5,medical imaging - software,2018,1694.0825278424102,591.6067142857144,0.03303220068596953
paper,8,5,medical imaging - software,2019,1608.8807023461766,576.8854285714285,0.03200473944917773
paper,8,5,medical imaging - software,2020,1709.89730733324,604.3757142857144,0.0332074568288854
paper,8,5,medical imaging - software,2021,1617.8251519653502,584.9607142857143,0.032375509978177675
paper,8,5,medical imaging - software,2022,1634.7816457136664,591.287,0.03276917534914653
paper,8,5,medical imaging - software,2023,1620.0701135454105,587.826,0.0324568494285241
paper,8,7,project management - software,1990,15009.681337363276,1539.1467770034844,0.12237789433119856
paper,8,7,project management - software,1991,5210.256309259949,1034.760606060606,0.08187692720846701
paper,8,7,project management - software,1992,3298.947752206503,901.8782271944923,0.06954107696773014
paper,8,7,project management - software,1993,2544.0128863849895,758.2519324363011,0.05804577297988986
paper,8,7,project management - software,1994,2429.455471706467,724.2032636701975,0.05490547867097783
paper,8,7,project management - software,1995,2056.5614532014333,633.2726358148893,0.04655731773378101
paper,8,7,project management - software,1996,1972.4312947801673,641.1661428571429,0.04660992605823952
paper,8,7,project management - software,1997,1856.3532564848617,626.5261952476382,0.0448319281035877
paper,8,7,project management - software,1998,1746.9719938354801,607.8025714285715,0.043204618384174824
paper,8,7,project management - software,1999,1834.9074176768067,645.2468571428572,0.044669218216881766
paper,8,7,project management - software,2000,1654.1290424988892,574.2018571428572,0.03834147016178266
paper,8,7,project management - software,2001,1633.3654163711415,547.5384285714285,0.03594658801020408
paper,8,7,project management - software,2002,1564.9499586692511,547.3624285714285,0.03462785022910284
paper,8,7,project management - software,2003,1556.7248844387982,545.633,0.03402126200274348
paper,8,7,project management - software,2004,1461.21627868862,510.84742857142857,0.031535738537652236
paper,8,7,project management - software,2005,1425.6125462855832,509.42785714285714,0.030960730347809478
paper,8,7,project management - software,2006,1386.0758863006445,480.0264285714286,0.028641195022161607
paper,8,7,project management - software,2007,1296.4676761810524,466.7234285714286,0.02739469557853076
paper,8,7,project management - software,2008,1252.8092713550973,452.99771428571427,0.02634473476508952
paper,8,7,project management - software,2009,1252.7040387230466,451.89671428571427,0.025966598533914514
paper,8,7,project management - software,2010,1214.574903998561,438.26928571428573,0.025102771390932227
paper,8,7,project management - software,2011,1285.3015295865564,444.75814285714284,0.025296220160228807
paper,8,7,project management - software,2012,1244.5564148983894,444.37314285714285,0.025047806936313782
paper,8,7,project management - software,2013,1299.1171448496737,459.64314285714283,0.02584733413131321
paper,8,7,project management - software,2014,1249.50998730639,443.042,0.024967145674837984
paper,8,7,project management - software,2015,1248.3040507917058,447.71285714285716,0.025223259557344065
paper,8,7,project management - software,2016,1277.141326839525,450.376,0.025391892653774593
paper,8,7,project management - software,2017,1325.6729103078587,467.91414285714285,0.026380681223270162
paper,8,7,project management - software,2018,1303.445007563832,466.2212857142857,0.02603133923586185
paper,8,7,project management - software,2019,1264.9541359303591,463.5484285714286,0.025716972458886468
paper,8,7,project management - software,2020,1318.8816343749102,483.23914285714284,0.026551601255886972
paper,8,7,project management - software,2021,1244.1470421570816,457.64057142857143,0.025328789651791646
paper,8,7,project management - software,2022,1270.7711764409487,465.47728571428576,0.0257967903854071
paper,8,7,project management - software,2023,1291.3620036142852,474.94385714285715,0.026224054836445094
paper,8,8,software - systems design,1990,12754.093791870117,1312.4708454810495,0.10435484181291639
paper,8,8,software - systems design,1991,4711.2531663815635,954.3748536299765,0.0755162884657364
paper,8,8,software - systems design,1992,3187.7262897526657,885.2171428571428,0.06825639161517025
paper,8,8,software - systems design,1993,2654.0620877855777,800.6075714285715,0.06128818582473945
paper,8,8,software - systems design,1994,2629.0554986033217,816.7510735757229,0.061921991931442225
paper,8,8,software - systems design,1995,2365.9328676754617,766.2910105926137,0.05633664244909674
paper,8,8,software - systems design,1996,2417.6155810809155,810.766,0.058939081128234955
paper,8,8,software - systems design,1997,2258.6019320425044,781.904,0.055950196779964226
paper,8,8,software - systems design,1998,1990.6060022855734,718.0097142857143,0.05103850684430724
paper,8,8,software - systems design,1999,2007.4119889584674,732.5064285714285,0.05071003313059388
paper,8,8,software - systems design,2000,2033.7404184824295,747.901,0.04993997061965812
paper,8,8,software - systems design,2001,2054.6691950906184,719.0428571428572,0.04720606992797118
paper,8,8,software - systems design,2002,1990.6561444607426,721.0604285714285,0.04561652613218375
paper,8,8,software - systems design,2003,1833.528848287094,653.4684285714285,0.04074500739315554
paper,8,8,software - systems design,2004,1757.6636378150008,621.9521428571428,0.038394477613256546
paper,8,8,software - systems design,2005,1767.9949292625186,656.6451428571428,0.03990793380680339
paper,8,8,software - systems design,2006,1765.6156482493016,619.8385714285715,0.03698320831912717
paper,8,8,software - systems design,2007,1644.7636515093686,609.3278571428572,0.03576497371267578
paper,8,8,software - systems design,2008,1585.8693441062007,576.9688571428571,0.03355445519877041
paper,8,8,software - systems design,2009,1563.657384654193,565.2838571428572,0.0324819776557408
paper,8,8,software - systems design,2010,1575.2945131960996,575.7355714285715,0.03297643458551872
paper,8,8,software - systems design,2011,1629.437039108455,578.8294285714285,0.03292170564050896
paper,8,8,software - systems design,2012,1597.5938895167365,577.7492857142856,0.032565767753468554
paper,8,8,software - systems design,2013,1651.7145824621457,603.3558571428572,0.03392880037917433
paper,8,8,software - systems design,2014,1616.8962026084098,592.0812857142856,0.03336609105180533
paper,8,8,software - systems design,2015,1562.1181419024504,573.2407142857144,0.032295251509054324
paper,8,8,software - systems design,2016,1596.3879610894014,582.8517142857144,0.03286078335038137
paper,8,8,software - systems design,2017,1612.991307691605,599.1352857142857,0.03377884003576059
paper,8,8,software - systems design,2018,1536.64774403614,568.0124285714285,0.03171482013240807
paper,8,8,software - systems design,2019,1505.3868909912198,571.4608571428572,0.03170379235189222
paper,8,8,software - systems design,2020,1542.0063581039271,585.135,0.03215027472527473
paper,8,8,software - systems design,2021,1490.8494169287944,569.7397142857143,0.031533081375122556
paper,8,8,software - systems design,2022,1521.414823347491,581.0811428571428,0.03220356588656301
paper,8,8,software - systems design,2023,1516.4342529431508,579.9695714285715,0.0320230562325974
paper,8,9,software - usability,1990,6971.131488627452,937.713697824809,0.07455781965689821
paper,8,9,software - usability,1991,2742.8944639658016,675.4460611405057,0.05344564497076322
paper,8,9,software - usability,1992,1732.98589238802,602.9178932178933,0.04648915824025702
paper,8,9,software - usability,1993,1373.2835207181706,540.5197292626729,0.04137791696108649
paper,8,9,software - usability,1994,1465.3741383638535,542.7229262672811,0.041146544826935645
paper,8,9,software - usability,1995,1305.2152397588243,511.0446428571429,0.03757128678555674
paper,8,9,software - usability,1996,1200.6423682005432,500.4627827082737,0.036381417760124574
paper,8,9,software - usability,1997,1328.6406521570773,509.2447142857143,0.03643969332992589
paper,8,9,software - usability,1998,1115.9750675789003,458.41465863453817,0.03258563112272805
paper,8,9,software - usability,1999,1198.0141218654553,464.5496707701116,0.03215989413431026
paper,8,9,software - usability,2000,1140.2682260533466,440.1234285714286,0.02938858363858364
paper,8,9,software - usability,2001,1173.8236999164994,435.25385714285716,0.028574964360744297
paper,8,9,software - usability,2002,1115.5006175642307,423.5907142857143,0.026797666494952507
paper,8,9,software - usability,2003,1109.9781046552314,412.19928571428574,0.02570141449771079
paper,8,9,software - usability,2004,1076.1277514986086,402.30228571428574,0.024835007451959115
paper,8,9,software - usability,2005,994.7784447213136,387.6095714285714,0.02355716369445554
paper,8,9,software - usability,2006,978.8799655997842,371.0514285714286,0.02213910671667235
paper,8,9,software - usability,2007,921.6322993426706,362.6634285714286,0.021286812735307185
paper,8,9,software - usability,2008,893.8512316813411,354.796,0.020633672579238153
paper,8,9,software - usability,2009,889.2316147656912,349.18128571428576,0.020064430598993606
paper,8,9,software - usability,2010,902.875104502933,348.49642857142857,0.019960847045731634
paper,8,9,software - usability,2011,958.8632672484667,350.55385714285717,0.019938224157823748
paper,8,9,software - usability,2012,897.4888451419063,340.499,0.019192773800800405
paper,8,9,software - usability,2013,890.509408886727,336.4614285714286,0.018920397490380058
paper,8,9,software - usability,2014,874.769939560453,330.04171428571425,0.01859913859034738
paper,8,9,software - usability,2015,856.4115615412431,327.91914285714284,0.01847431790744467
paper,8,9,software - usability,2016,873.3976566030993,325.5761428571428,0.018355761563801257
paper,8,9,software - usability,2017,852.6845044500515,320.94642857142856,0.018094741420275614
paper,8,9,software - usability,2018,839.3325284648254,318.5342857142857,0.01778527558427056
paper,8,9,software - usability,2019,812.6605269288845,317.5455714285714,0.017616952645135724
paper,8,9,software - usability,2020,853.3316383733758,327.99514285714287,0.01802171114599686
paper,8,9,software - usability,2021,806.3418154897853,317.6834285714286,0.017582655997975902
paper,8,9,software - usability,2022,816.6201373810479,316.948,0.017565284859232984
paper,8,9,software - usability,2023,821.1879998294538,320.1824285714286,0.017678892859114826
paper,8,10,software - user interface,1990,8526.005901636847,940.1984452918745,0.07475538246735107
paper,8,10,software - user interface,1991,3194.0671857597204,681.6723379290114,0.053938308112756086
paper,8,10,software - user interface,1992,1722.3698516799664,576.3903420523138,0.04444369974958084
paper,8,10,software - user interface,1993,1365.3976430717432,515.3360160965794,0.03945005099108776
paper,8,10,software - user interface,1994,1237.7118469250015,500.31144006898535,0.03793111751849775
paper,8,10,software - user interface,1995,1158.5513803501167,474.0203671830178,0.034849313864359494
paper,8,10,software - user interface,1996,1080.8148199718762,465.5679931291154,0.03384472180351231
paper,8,10,software - user interface,1997,1065.1969816959217,446.53214285714284,0.03195221058011756
paper,8,10,software - user interface,1998,999.818620499014,425.56385714285716,0.030250487428408954
paper,8,10,software - user interface,1999,1012.4458437037216,413.6184285714286,0.028634020669534688
paper,8,10,software - user interface,2000,970.9003904729514,389.65828571428574,0.026018849206349205
paper,8,10,software - user interface,2001,1134.432426741327,407.88628571428575,0.02677824879951981
paper,8,10,software - user interface,2002,1039.217504325445,389.596,0.024647055102169926
paper,8,10,software - user interface,2003,1051.3422640771157,386.17414285714284,0.024078697023141468
paper,8,10,software - user interface,2004,1006.7080533388857,376.5477142857143,0.023245120951028726
paper,8,10,software - user interface,2005,952.5343166249155,366.63371428571423,0.02228234558683082
paper,8,10,software - user interface,2006,979.9952895697145,360.73442857142857,0.02152353392430958
paper,8,10,software - user interface,2007,913.3360247835695,353.49114285714285,0.020748438273002455
paper,8,10,software - user interface,2008,889.8293141211573,346.28114285714287,0.020138478793669257
paper,8,10,software - user interface,2009,883.0272367120458,340.8682857142857,0.01958675433628028
paper,8,10,software - user interface,2010,905.9113296875089,342.19614285714283,0.01959998527161595
paper,8,10,software - user interface,2011,933.1596773342961,337.26214285714286,0.019182239953198888
paper,8,10,software - user interface,2012,888.0108994612368,330.52328571428575,0.018630476619936064
paper,8,10,software - user interface,2013,884.5341018032464,328.512,0.018473373446550076
paper,8,10,software - user interface,2014,879.243280370728,325.2982857142857,0.018331827879080626
paper,8,10,software - user interface,2015,866.1988895485163,322.19628571428575,0.018151903420523138
paper,8,10,software - user interface,2016,857.101412337202,314.00828571428576,0.01770357364347329
paper,8,10,software - user interface,2017,844.1281096388324,313.909,0.01769797598240965
paper,8,10,software - user interface,2018,851.5012570797862,312.45814285714283,0.017446015793251973
paper,8,10,software - user interface,2019,854.2567162663985,320.4247142857143,0.01777668317812562
paper,8,10,software - user interface,2020,907.803472800625,332.012,0.018242417582417583
paper,8,10,software - user interface,2021,824.7807371079521,315.396,0.017456054903697144
paper,8,10,software - user interface,2022,843.1204303026052,317.5905714285714,0.017600896221933685
paper,8,10,software - user interface,2023,855.4430394866057,322.30857142857144,0.017796287970215416
paper,8,11,software - visualization,1990,9252.99222492855,1025.7488290398126,0.0815575120489634
paper,8,11,software - visualization,1991,2849.4246194119105,688.5062810400234,0.054479053730022424
paper,8,11,software - visualization,1992,1877.5388167805256,623.1312392426851,0.048047747647674076
paper,8,11,software - visualization,1993,1616.633225407489,565.9541534923828,0.04332497538791877
paper,8,11,software - visualization,1994,1503.0903779079442,531.3685195852535,0.04028571035521254
paper,8,11,software - visualization,1995,1379.7169986532583,510.99083882049814,0.0375673311880972
paper,8,11,software - visualization,1996,1284.7994323957516,491.8700257658174,0.03575676255930629
paper,8,11,software - visualization,1997,1221.1967319996652,473.944,0.033913703041144896
paper,8,11,software - visualization,1998,1121.701168069765,450.707557973089,0.032037784899992115
paper,8,11,software - visualization,1999,1119.2257033325152,435.7540795877469,0.030166429878002558
paper,8,11,software - visualization,2000,1101.3551231351043,422.0835714285714,0.028183999160561662
paper,8,11,software - visualization,2001,1089.2662900489818,409.8037503578586,0.026904132770342606
paper,8,11,software - visualization,2002,1083.4129103581488,405.7131428571428,0.025666675704253992
paper,8,11,software - visualization,2003,1026.9386082678834,392.072,0.024446439705698965
paper,8,11,software - visualization,2004,1007.1234685255862,381.25514285714286,0.02353572089987918
paper,8,11,software - visualization,2005,965.4831431652741,375.971,0.02284982375106357
paper,8,11,software - visualization,2006,979.4893564767594,370.08671428571427,0.02208154619843164
paper,8,11,software - visualization,2007,914.0061158971058,360.78914285714285,0.02117680007378898
paper,8,11,software - visualization,2008,899.1374578759032,358.78528571428575,0.0208656752378183
paper,8,11,software - visualization,2009,892.1296488744943,353.90742857142857,0.020336001182062205
paper,8,11,software - visualization,2010,972.6357549233622,360.24114285714285,0.0206335496223806
paper,8,11,software - visualization,2011,990.5429623318557,356.43614285714284,0.020272787103693714
paper,8,11,software - visualization,2012,957.7599606645051,352.3442857142857,0.019860452382294443
paper,8,11,software - visualization,2013,969.5315337986864,356.2471428571428,0.020033017086944993
paper,8,11,software - visualization,2014,937.3969334177173,349.95085714285716,0.01972109648593165
paper,8,11,software - visualization,2015,907.001281564596,345.68571428571425,0.01947525150905433
paper,8,11,software - visualization,2016,921.6113971393594,344.657,0.01943152731578057
paper,8,11,software - visualization,2017,908.6527894477534,343.04414285714284,0.019340595526703662
paper,8,11,software - visualization,2018,917.0530003279838,343.566,0.019182914572864324
paper,8,11,software - visualization,2019,894.1072886055642,344.581,0.019116837725381416
paper,8,11,software - visualization,2020,938.7090018815651,350.48071428571427,0.019257182103610673
paper,8,11,software - visualization,2021,890.9401372205205,345.074,0.019098627407571397
paper,8,11,software - visualization,2022,891.6952325644208,343.91814285714287,0.019059972448300978
paper,8,11,software - visualization,2023,887.5559020266134,344.39971428571425,0.019016051807504514
