min_share,max_share,year,run,V_t,E_t,n_core,R_t,S_t,H_t,Q_cp,C_t,density
0.0,0.005,1990,0,2206,20914,1008,0.45693563009972804,215,0.05776210947341899,0.3352292697453103,,0.0085990999603226
0.0,0.005,1991,0,1476,7854,840,0.5691056910569106,202,0.044115646258503394,0.36283037175250904,0.6309523809523809,0.007215102659501172
0.0,0.005,1992,0,2173,17269,976,0.4491486424298205,219,0.050097839962375684,0.33494637693992096,0.6905737704918034,0.007317751171882614
0.0,0.005,1993,0,2210,16658,1054,0.47692307692307695,247,0.05803139031213883,0.32195629197191716,0.6280834914611007,0.0068244061213997035
0.0,0.005,1994,0,2412,20837,1058,0.4386401326699834,216,0.0631019042956536,0.33303556353505426,0.611531190926276,0.007166228858472741
0.0,0.005,1995,0,2422,17977,1215,0.5016515276630884,253,0.05629697369980862,0.34638898524549755,0.660082304526749,0.006131663114279097
0.0,0.005,1996,0,2410,14198,1376,0.570954356846473,303,0.05081188311249324,0.32107225940316525,0.6402616279069768,0.004891063766752962
0.0,0.005,1997,0,2524,19567,1403,0.555863708399366,303,0.06150195411624311,0.3088634346503661,0.6129722024233785,0.006145364390868668
0.0,0.005,1998,0,4103,45230,1983,0.48330489885449673,388,0.14222733883496358,0.33033953816668526,0.6611195158850227,0.005374764133651121
0.0,0.005,1999,0,4342,49555,2121,0.4884845693228927,417,0.12021074809036777,0.3179924344093208,0.5487977369165489,0.005258209326920557
0.0,0.005,2000,0,4466,53689,2216,0.4961934617107031,514,0.1226272009279412,0.32959264003639616,0.5500902527075813,0.005384868828510949
0.0,0.005,2001,0,4403,50274,2115,0.48035430388371564,416,0.1314239726371913,0.3269496431678809,0.5182033096926715,0.005187698321835211
0.0,0.005,2002,0,4487,50793,2134,0.475596166703811,363,0.14319725530944963,0.31860584553052845,0.534676663542643,0.005046828202661257
0.0,0.005,2003,0,4595,49811,2305,0.5016322089227421,393,0.13515633749135372,0.3094019319415813,0.5449023861171367,0.0047193126484230035
0.0,0.005,2004,0,4877,59366,2382,0.4884150092269838,429,0.1424072652365453,0.3274238948891635,0.5361041141897565,0.004992882329421909
0.0,0.005,2005,0,5013,61151,2347,0.46818272491522045,362,0.1488849139560987,0.3213417813934379,0.5121431614827439,0.004867711070132261
0.0,0.005,2006,0,5064,62032,2450,0.48380726698262244,429,0.13821907538525616,0.31447840656661724,0.5338775510204081,0.004838872231993782
0.0,0.005,2007,0,5832,106361,2770,0.47496570644718794,571,0.16636812678387572,0.3190146233282986,0.5628158844765343,0.006255353405324505
0.0,0.005,2008,0,6135,136518,2875,0.46862265688671556,538,0.1504669035916824,0.32521908647534764,0.5231304347826087,0.00725540356647744
0.0,0.005,2009,0,5871,108983,2549,0.4341679441321751,301,0.17986591869579854,0.319325108683294,0.4876422126324048,0.006324680227387409
0.0,0.005,2010,0,5421,76212,2578,0.4755580151263604,351,0.14130636928452903,0.307007805707739,0.503878975950349,0.005187697698781083
0.0,0.005,2011,0,5336,69331,2582,0.4838830584707646,312,0.12254654609970353,0.2943266315926848,0.49341595662277304,0.004870877588384814
0.0,0.005,2012,0,5525,72818,2556,0.46262443438914025,393,0.14935675608161225,0.3143065621971008,0.5144757433489828,0.004771806121211922
0.0,0.005,2013,0,5727,75089,2499,0.43635411210057623,311,0.131357384890731,0.3045231036932864,0.5110044017607043,0.004579602560342358
0.0,0.005,2014,0,5742,74929,2602,0.45315221177290144,305,0.16629524619210312,0.31598159711844476,0.5138355111452728,0.004545997548538257
0.0,0.005,2015,0,5722,74564,2612,0.4564837469416288,309,0.13648046828279892,0.30531768549791105,0.5176110260336906,0.0045555350477868685
0.0,0.005,2016,0,6126,90864,2533,0.4134835128958537,349,0.17483563585230813,0.31643793104777673,0.5191472562179233,0.004843270902876332
0.0,0.005,2017,0,7404,131908,2971,0.401269584008644,379,0.16135772696030212,0.33195192994074174,0.580276001346348,0.004813123127547763
0.0,0.005,2018,0,7046,128142,2798,0.397104740278172,335,0.17195116904191246,0.33040044651625455,0.5107219442458899,0.005162949265568433
0.0,0.005,2019,0,7658,167608,3116,0.4068947505876208,462,0.15572303947821595,0.3325433025583979,0.5317715019255456,0.0057167701394740065
0.0,0.005,2020,0,7141,143743,2814,0.394062456238622,393,0.20304811610543072,0.3509703242158377,0.5046197583511016,0.005638446388217799
0.0,0.005,2021,0,6845,160190,2644,0.3862673484295106,333,0.17834345339317634,0.3269185211998057,0.5049167927382754,0.006838832134613012
0.0,0.005,2022,0,6845,167447,2722,0.3976625273922571,349,0.17703653956306709,0.3249903534256849,0.4893460690668626,0.007148648008268588
0.0,0.005,2023,0,7567,227172,2684,0.35469803092374785,264,0.18801208686014834,0.32702876103497563,0.492548435171386,0.0079358733144365
0.0,0.01,1990,0,2324,27842,1023,0.4401893287435456,208,0.06267480404269735,0.32980724533074135,,0.010314426638353425
0.0,0.01,1991,0,1573,9913,849,0.5397329942784488,206,0.04529266746300295,0.350585332254745,0.6277974087161367,0.008017774499384492
0.0,0.01,1992,0,2293,23508,995,0.43392935019624945,221,0.06445594808211914,0.33087634710120206,0.6924623115577889,0.008945961188502225
0.0,0.01,1993,0,2330,22550,1040,0.44635193133047213,239,0.07283284023668643,0.3491925606537749,0.6317307692307692,0.0083109588561467
0.0,0.01,1994,0,2536,28197,1092,0.4305993690851735,214,0.09354244656442459,0.35536010680910435,0.61996336996337,0.008772142683814608
0.0,0.01,1995,0,2548,24639,1186,0.4654631083202512,236,0.058727594845996996,0.3294647173883085,0.627318718381113,0.00759319764872516
0.0,0.01,1996,0,2547,19542,1608,0.6313309776207303,272,0.028060103710304204,0.2525094744378708,0.6492537313432836,0.00602714528529012
0.0,0.01,1997,0,2669,26472,1364,0.511052828774822,299,0.08415390304520948,0.3144839462777593,0.5740469208211143,0.007435023589741285
0.0,0.01,1998,0,4258,73080,1848,0.43400657585721,365,0.11064436105020517,0.3167834409486361,0.6747835497835497,0.008063418988954506
0.0,0.01,1999,0,4527,80810,1933,0.4269935939916059,446,0.11505266039857202,0.3254760275177057,0.5561303673047078,0.007888057328928671
0.0,0.01,2000,0,4632,85331,2141,0.46221934369602763,463,0.10403345985639675,0.3318936236981702,0.5632881830920131,0.007955976637133025
0.0,0.01,2001,0,4556,80898,2086,0.4578577699736611,447,0.12091981515816992,0.3619985676326769,0.5273250239693192,0.007796428203143899
0.0,0.01,2002,0,4656,81105,2020,0.4338487972508591,368,0.11966277815900402,0.3189666392496352,0.5425742574257426,0.007484192808973834
0.0,0.01,2003,0,4755,79547,2122,0.446267087276551,424,0.11482552071072673,0.3428922812669009,0.5447690857681433,0.007037916379676067
0.0,0.01,2004,0,5050,94280,2182,0.4320792079207921,414,0.12730061220837768,0.3597802889687152,0.5412465627864345,0.007395249328854454
0.0,0.01,2005,0,5183,97481,2274,0.4387420412888289,443,0.12962640657379626,0.35764434137233814,0.5554089709762533,0.007258909031716296
0.0,0.01,2006,0,5232,96776,2264,0.4327217125382263,344,0.15098983630710838,0.3516690770908045,0.5295936395759717,0.007072048134591651
0.0,0.01,2007,0,5991,154272,2638,0.44032715740277084,500,0.14854281708809433,0.3447513797166786,0.5845337376800607,0.008597871765912642
0.0,0.01,2008,0,6271,192383,2732,0.43565619518418114,478,0.13500720274218683,0.34766792123959916,0.5424597364568082,0.009785710125620658
0.0,0.01,2009,0,6017,156933,2466,0.4098387900947316,392,0.1636271130028567,0.3453546213350774,0.4833738848337389,0.008670745388067143
0.0,0.01,2010,0,5567,113508,2392,0.42967486976827735,336,0.11613719365555196,0.3105797005909455,0.5196488294314381,0.007326423915996432
0.0,0.01,2011,0,5493,103312,2280,0.4150737302020754,282,0.16930594028931978,0.34133178105837286,0.5026315789473684,0.006849212445317081
0.0,0.01,2012,0,5682,107142,2387,0.4200985568461809,335,0.1463511419996143,0.3392939543936268,0.5362379555927943,0.006638404715917951
0.0,0.01,2013,0,5884,109088,2384,0.4051665533650578,293,0.16055125613711094,0.33062863786158797,0.5167785234899329,0.006302828102912758
0.0,0.01,2014,0,5908,109095,2337,0.3955653351387948,278,0.18103057930788752,0.3425230087787809,0.5139067180145486,0.006252121147935176
0.0,0.01,2015,0,5880,108279,2384,0.4054421768707483,286,0.16541203098959503,0.34373521426949954,0.5251677852348993,0.006264601435062884
0.0,0.01,2016,0,6287,131845,2357,0.37490058851598534,302,0.18802602633918522,0.3503426680914535,0.5150615188799321,0.00667230396940978
0.0,0.01,2017,0,7572,184125,2892,0.38193343898573695,433,0.15689367722089267,0.3626478181023944,0.5954356846473029,0.006423606132416609
0.0,0.01,2018,0,7223,177928,2859,0.39581891180949746,528,0.15969170581269782,0.3639233477241223,0.5452955578873733,0.006821803315840851
0.0,0.01,2019,0,7827,230388,2968,0.3792002044205954,433,0.16668498121925873,0.36831434380942446,0.542789757412399,0.007522369685543671
0.0,0.01,2020,0,7324,199889,2841,0.3879027853631895,484,0.1618150823890285,0.36983997698094395,0.525871172122492,0.007453864972685432
0.0,0.01,2021,0,7005,220927,2808,0.4008565310492505,554,0.14360780350808838,0.3659203133982726,0.5352564102564102,0.009005845950779223
0.0,0.01,2022,0,6986,229553,2582,0.36959633552819926,356,0.18018475041114643,0.3635920389858942,0.48024786986831913,0.009408447737073493
0.0,0.01,2023,0,7711,298889,2761,0.35805991440798857,380,0.17527033874970627,0.36985732528071635,0.5251720391162622,0.010054832645128887
0.0,0.05,1990,0,2414,39169,971,0.40223695111847557,219,0.06366396879219297,0.3308267383771739,,0.013448625248970726
0.0,0.05,1991,0,1648,13232,851,0.5163834951456311,184,0.05424046638985584,0.35756587254487754,0.6556991774383079,0.009750001473700344
0.0,0.05,1992,0,2380,35032,955,0.4012605042016807,221,0.056780241769688336,0.34548178542793084,0.7078534031413612,0.012374382287593473
0.0,0.05,1993,0,2424,33579,948,0.3910891089108911,209,0.07522165251295196,0.36130287395200816,0.6350210970464135,0.011434356394781037
0.0,0.05,1994,0,2626,41708,1020,0.38842345773038844,217,0.06969050365244137,0.3286245812032659,0.634313725490196,0.0121011134080441
0.0,0.05,1995,0,2644,36597,1034,0.39107413010590014,221,0.06950716265914422,0.33095293467551734,0.609284332688588,0.010474103660913451
0.0,0.05,1996,0,2645,30716,1097,0.4147448015122873,192,0.08915422769814749,0.3453975155329576,0.6381039197812215,0.00878430744504088
0.0,0.05,1997,0,2770,40082,1127,0.4068592057761733,239,0.09266539068078915,0.3328645769425781,0.6610470275066549,0.01045145258294188
0.0,0.05,1998,0,4370,114698,1732,0.39633867276887874,491,0.08720244921035368,0.3909231785268675,0.7424942263279446,0.012014960824992812
0.0,0.05,1999,0,4636,126606,1804,0.38912855910267474,505,0.08069466226813046,0.3908267648337142,0.6019955654101996,0.011783956150123837
0.0,0.05,2000,0,4749,135850,1875,0.39481996209728365,569,0.07454975999999996,0.39930312638967796,0.5968,0.01204971454106509
0.0,0.05,2001,0,4672,130048,1865,0.3991866438356164,521,0.08268901523046959,0.39618592062919,0.56514745308311,0.011918482739608719
0.0,0.05,2002,0,4771,128256,1912,0.40075455879270594,503,0.09061192468619243,0.3884196668222539,0.5679916317991631,0.011271452657499648
0.0,0.05,2003,0,4870,124405,1920,0.3942505133470226,480,0.09227213541666668,0.38191281302866026,0.5697916666666667,0.010492986049697136
0.0,0.05,2004,0,5170,146467,2089,0.40406189555125727,532,0.08220886675079592,0.3901702688009618,0.5911919578745811,0.01096156861336348
0.0,0.05,2005,0,5307,150312,2047,0.38571697757678536,476,0.09431152479506393,0.38861714686621474,0.5696140693698095,0.010675969288902971
0.0,0.05,2006,0,5356,149057,2169,0.4049663928304705,597,0.09466154227780231,0.3849126548493092,0.5841401567542646,0.01039399080518441
0.0,0.05,2007,0,6108,226748,2291,0.3750818598559267,514,0.1102103557065099,0.3803127229918849,0.5866433871671759,0.012157562542431206
0.0,0.05,2008,0,6374,275448,2461,0.38609978035770315,590,0.10194251782500222,0.38263719286280223,0.5554652580251931,0.013561684646717396
0.0,0.05,2009,0,6123,231445,2412,0.3939245467907888,581,0.10638075515182514,0.3799230644176335,0.5485074626865671,0.012348670825876353
0.0,0.05,2010,0,5693,177382,2222,0.39030388196030213,499,0.10011820263934586,0.3811446749552218,0.5621062106210621,0.01094796669949744
0.0,0.05,2011,0,5624,164620,2108,0.3748221906116643,431,0.10636987855067348,0.38002639226467155,0.555977229601518,0.010411161838101942
0.0,0.05,2012,0,5800,171016,2024,0.3489655172413793,330,0.11846478620194036,0.3798270046518586,0.5573122529644269,0.010169173044103919
0.0,0.05,2013,0,6014,174086,2187,0.36365147988027935,435,0.108789122404933,0.38184340193059,0.5797896662094193,0.00962806945664949
0.0,0.05,2014,0,6039,173373,2201,0.36446431528398743,456,0.11508192653746045,0.3840063223789491,0.5647432985006815,0.009509404505033282
0.0,0.05,2015,0,6013,175127,2185,0.36337934475303507,441,0.11106158591184959,0.38314152035523913,0.5583524027459954,0.009688865519695129
0.0,0.05,2016,0,6427,207317,2376,0.3696903687568072,611,0.10014071693364622,0.3895063844681756,0.5803872053872055,0.010039587987400067
0.0,0.05,2017,0,7720,279713,2850,0.36917098445595853,787,0.09274903047091416,0.39911283801960834,0.6350877192982456,0.009387810308591881
0.0,0.05,2018,0,7377,267859,2544,0.34485563237088246,543,0.11462937828804239,0.3945162562723994,0.5432389937106918,0.009845449463758054
0.0,0.05,2019,0,7971,336730,2904,0.36432066240120436,779,0.09360391101093585,0.4005779157186136,0.587465564738292,0.010600849660949423
0.0,0.05,2020,0,7488,305935,2627,0.35082799145299143,741,0.08743917118488875,0.4058083918648518,0.5580510087552342,0.01091403874978738
0.0,0.05,2021,0,7153,331505,2410,0.3369215713686565,623,0.09777861951412685,0.4029263925882925,0.5423236514522822,0.012959980496598633
0.0,0.05,2022,0,7128,339378,2497,0.35030864197530864,679,0.09559489007954922,0.397555796640572,0.5466559871846215,0.013361008239638799
0.0,0.05,2023,0,7859,419811,2583,0.32866776943631504,633,0.10729030414025174,0.40058851131432544,0.5691056910569106,0.013595791516493727
0.0,0.1,1990,0,2425,41142,950,0.3917525773195876,206,0.07699501385041548,0.36604881959952956,,0.013998162702868225
0.0,0.1,1991,0,1658,13875,815,0.49155609167671893,187,0.05302871767849751,0.3509626906071889,0.6809815950920246,0.01010080420601127
0.0,0.1,1992,0,2388,36977,935,0.39154103852596317,208,0.054920643998970516,0.347303709662508,0.7016042780748664,0.012974030886172237
0.0,0.1,1993,0,2429,35644,926,0.3812268423219432,206,0.07269008112180399,0.3645504683578454,0.6403887688984882,0.012087604271016811
0.0,0.1,1994,0,2634,44116,1041,0.3952164009111617,162,0.09492738176640542,0.3676233283308846,0.6551392891450528,0.012722120184181788
0.0,0.1,1995,0,2651,38694,978,0.3689173896642776,226,0.08402440605383885,0.3689417259164253,0.6267893660531698,0.011015850195369494
0.0,0.1,1996,0,2652,32627,1111,0.4189291101055807,239,0.08335027922234167,0.34936551791907444,0.6714671467146714,0.009281622291141451
0.0,0.1,1997,0,2776,42312,1115,0.401657060518732,229,0.09216754811076039,0.3383906437006162,0.6834080717488789,0.010985279227354155
0.0,0.1,1998,0,4383,120613,1679,0.3830709559662332,530,0.07501522680940081,0.3977484606444691,0.7361524717093508,0.012559729080646741
0.0,0.1,1999,0,4645,132795,1678,0.361248654467169,524,0.07692056352914606,0.4038047841502579,0.5804529201430274,0.01231214692801295
0.0,0.1,2000,0,4764,142384,1858,0.3900083963056255,588,0.06503341092717495,0.40589764525114574,0.6065662002152852,0.012549859124340949
0.0,0.1,2001,0,4680,136424,1750,0.37393162393162394,465,0.07533975510204081,0.4017903968442914,0.5714285714285714,0.012460110002319877
0.0,0.1,2002,0,4784,134446,1914,0.40008361204013376,520,0.08084465889027558,0.39399551634647517,0.6018808777429467,0.011751311256351753
0.0,0.1,2003,0,4879,130388,1818,0.37261733961877436,467,0.08640704554503856,0.38877586215747983,0.5753575357535754,0.010957084360759574
0.0,0.1,2004,0,5180,153102,1975,0.3812741312741313,570,0.08151078352828076,0.3954766325989232,0.5843037974683545,0.01141392958346038
0.0,0.1,2005,0,5317,157136,2005,0.37709234530750424,488,0.08434251030777176,0.3947191298790805,0.5760598503740648,0.011118701135093039
0.0,0.1,2006,0,5367,155821,2033,0.37879634805291595,536,0.09480681398343954,0.3912697518095667,0.5823905558288244,0.0108211575258612
0.0,0.1,2007,0,6115,234818,2233,0.3651676206050695,532,0.10424526135568958,0.38485322752017087,0.606359158083296,0.012561441630551277
0.0,0.1,2008,0,6383,284112,2403,0.376468745104183,589,0.09974509945519969,0.3859617375392169,0.5776113191843528,0.013948834732339255
0.0,0.1,2009,0,6134,239427,2270,0.3700684708183893,532,0.10859127869743249,0.3833057004932124,0.5436123348017621,0.01272876836046699
0.0,0.1,2010,0,5706,184534,2114,0.37048720644935157,570,0.0981647779501257,0.38705850516746576,0.5714285714285714,0.01133754373289122
0.0,0.1,2011,0,5637,171737,1934,0.3430902962568742,408,0.10743415867366636,0.3653539126245505,0.5361944157187177,0.010811223573134666
0.0,0.1,2012,0,5810,178437,2072,0.3566265060240964,453,0.0986745501706892,0.3851418445602688,0.5863899613899615,0.01057395358676918
0.0,0.1,2013,0,6024,181677,2078,0.3449535192563081,406,0.11442667627586683,0.38607846410924346,0.5750721847930702,0.010014565678841996
0.0,0.1,2014,0,6050,181050,2065,0.3413223140495868,466,0.10978384114346687,0.3881024484266216,0.5796610169491525,0.009894402325908661
0.0,0.1,2015,0,6033,182945,2146,0.3557102602353721,473,0.10087776821395103,0.38993296818713236,0.5876048462255359,0.010054393585061121
0.0,0.1,2016,0,6438,215794,2162,0.33581857719788755,483,0.10551011029805032,0.3934778420403884,0.5818686401480111,0.010414414993545345
0.0,0.1,2017,0,7733,289756,2715,0.35109271951377213,721,0.09003374608698012,0.40283343761577367,0.6397790055248619,0.009692204698603261
0.0,0.1,2018,0,7392,277667,2452,0.33170995670995673,664,0.10678501951997106,0.39858576759065784,0.5611745513866231,0.010164572157198324
0.0,0.1,2019,0,7984,347968,2670,0.3344188376753507,689,0.09796602561404986,0.4047869724898113,0.5966292134831461,0.010918994446364858
0.0,0.1,2020,0,7498,316058,2535,0.33809015737530007,789,0.08406412785111009,0.4086373246513936,0.5893491124260355,0.011245113320512699
0.0,0.1,2021,0,7162,341953,2363,0.32993577213068975,660,0.09424512367900605,0.40609695379116395,0.5590351248413035,0.013334858863680332
0.0,0.1,2022,0,7135,349726,2374,0.3327259985984583,661,0.0963161716120085,0.40066507596675716,0.5492839090143218,0.013741395321789768
0.0,0.1,2023,0,7867,430385,2600,0.3304944705732808,713,0.09615059171597634,0.4030116460848625,0.5757692307692308,0.013909900713653842
0.0,1.0,1990,0,2434,43851,861,0.35373870172555466,217,0.07152502087489764,0.3755581213587913,,0.014809718871677134
0.0,1.0,1991,0,1664,15338,730,0.4387019230769231,156,0.05490335897917059,0.3611797462319449,0.678082191780822,0.011085445672787825
0.0,1.0,1992,0,2392,39561,875,0.3658026755852843,234,0.05967020408163265,0.3826779502569113,0.7451428571428571,0.01383427820883497
0.0,1.0,1993,0,2437,38124,916,0.3758719737382027,225,0.06440332945596002,0.37351694806308766,0.6670305676855894,0.012843862376215608
0.0,1.0,1994,0,2642,46871,901,0.34102952308856926,230,0.0767293955045633,0.3810287031760881,0.6603773584905661,0.013434855526073583
0.0,1.0,1995,0,2658,41287,895,0.336719337848006,247,0.07664554789176367,0.3771336161591458,0.6536312849162011,0.011692214979073407
0.0,1.0,1996,0,2660,35193,932,0.35037593984962406,233,0.08222890456630258,0.36104576946816497,0.6888412017167382,0.009951448761052688
0.0,1.0,1997,0,2785,44960,1030,0.36983842010771995,272,0.08836836648128947,0.34731423188299176,0.7194174757281553,0.011597432881404898
0.0,1.0,1998,0,4393,126324,1515,0.34486683359890735,499,0.06639044102430045,0.40830201177798214,0.7537953795379538,0.01309460281446265
0.0,1.0,1999,0,4660,138929,1569,0.3366952789699571,564,0.06301220955243013,0.4141192713117518,0.6188655194391333,0.012798064017495328
0.0,1.0,2000,0,4773,148599,1678,0.35156086318877017,553,0.05737433604055001,0.415803581269012,0.6191895113230036,0.01304830240092136
0.0,1.0,2001,0,4686,142828,1592,0.33973538198890313,555,0.06418635261735817,0.4131521424934199,0.5804020100502513,0.013011622986520397
0.0,1.0,2002,0,4798,140577,1740,0.3626511046269279,547,0.0702972651605232,0.4057348302845864,0.6160919540229886,0.012215585970910853
0.0,1.0,2003,0,4886,136538,1679,0.3436348751534998,567,0.0707847101195052,0.4015189647233389,0.5991661703394877,0.011441039948282458
0.0,1.0,2004,0,5191,159913,1852,0.3567713350028896,622,0.06712316146457746,0.40759871723785707,0.6182505399568035,0.011871220717345012
0.0,1.0,2005,0,5330,163850,1899,0.35628517823639777,612,0.06728493503273944,0.4068709670591939,0.5955766192733017,0.011537282109255984
0.0,1.0,2006,0,5376,162408,1920,0.35714285714285715,667,0.07653049045138895,0.40276338783153437,0.5932291666666667,0.011240863787375415
0.0,1.0,2007,0,6124,242939,2077,0.339157413455258,660,0.09236104720314126,0.3947828845606272,0.6239768897448243,0.01295769620664469
0.0,1.0,2008,0,6388,292971,2195,0.343613024420789,624,0.09520892896985798,0.39351179557003163,0.5758542141230069,0.014361268618678811
0.0,1.0,2009,0,6142,247685,2093,0.3407684793226962,629,0.09900382340607523,0.39157106800999136,0.5504061156235069,0.013133509493154227
0.0,1.0,2010,0,5716,191704,1995,0.34902029391182643,642,0.08636503539550626,0.39609641112586697,0.5874686716791979,0.011736881385278205
0.0,1.0,2011,0,5647,178568,1901,0.3366389233221179,604,0.09016572855007789,0.39449755388146557,0.5775907417148869,0.011201468671574491
0.0,1.0,2012,0,5826,185481,1986,0.3408856848609681,645,0.08823445893662485,0.39561449098500595,0.596173212487412,0.010931078530606472
0.0,1.0,2013,0,6028,188732,2021,0.33526874585268746,622,0.08918160404324608,0.3960082381872288,0.5932706580900544,0.010389654429431636
0.0,1.0,2014,0,6058,188323,1978,0.32651039947177285,621,0.09438965117812617,0.39725140304718454,0.589989888776542,0.010264706047473619
0.0,1.0,2015,0,6044,190686,2018,0.33388484447385836,641,0.09189003625448267,0.39886838019335724,0.597621407333994,0.010441713057305065
0.0,1.0,2016,0,6445,224801,2039,0.31636927851047325,702,0.08848133298665235,0.40312278021452186,0.6002942618930849,0.010825545283853877
0.0,1.0,2017,0,7748,301745,2474,0.3193082085699535,805,0.07626575888022827,0.4130657911456949,0.6459175424413904,0.010054185879337508
0.0,1.0,2018,0,7419,290091,2238,0.3016579053780833,797,0.08896300076427874,0.4103328637989057,0.593833780160858,0.010542219409907398
0.0,1.0,2019,0,8004,361916,2558,0.31959020489755124,879,0.07522827707582828,0.4165859628881554,0.6301798279906177,0.01129998539403296
0.0,1.0,2020,0,7525,328984,2230,0.2963455149501661,800,0.07832733415109897,0.41878203339614567,0.5681614349775785,0.011621160017732845
0.0,1.0,2021,0,7175,354750,2212,0.30829268292682926,768,0.07860461922310988,0.4165941867954579,0.5845388788426763,0.013783805049010703
0.0,1.0,2022,0,7151,362604,2199,0.3075094392392672,757,0.08125546338500632,0.4117742822226,0.5638926784902228,0.014183707496530877
0.0,1.0,2023,0,7883,445010,2390,0.3031840669795763,759,0.08150312494529151,0.41458396551456544,0.590794979079498,0.014324247254385157
1e-05,0.005,1990,0,1981,19256,877,0.44270570418980315,203,0.06014205679411386,0.3357713513322533,,0.009818528546443741
1e-05,0.005,1991,0,1294,6889,702,0.5425038639876353,187,0.050807217473884135,0.36010321849805377,0.6367521367521367,0.008234806131218988
1e-05,0.005,1992,0,2038,16416,929,0.45583905789990187,212,0.05581542475965802,0.33395280683041123,0.697524219590958,0.007908645890091213
1e-05,0.005,1993,0,2069,15949,929,0.4490091831802803,228,0.06321947624736252,0.34756623002446774,0.627556512378902,0.007455082067136405
1e-05,0.005,1994,0,2242,19968,1008,0.4495985727029438,224,0.06238386558327033,0.3287824982208883,0.5972222222222222,0.00794853514563756
1e-05,0.005,1995,0,2206,17022,1122,0.5086128739800544,242,0.0533996778098697,0.3418398274627421,0.6265597147950089,0.006998846682825442
1e-05,0.005,1996,0,2246,13566,1306,0.5814781834372217,279,0.05079043828812244,0.31542552071746405,0.6248085758039816,0.00538090978864678
1e-05,0.005,1997,0,2343,17681,1350,0.5761843790012804,292,0.0628246913580247,0.3090653430573345,0.5977777777777777,0.006444328054604573
1e-05,0.005,1998,0,3982,44715,1886,0.47363134103465593,326,0.14901056959299364,0.3286734400837384,0.6468716861081654,0.005641437713115198
1e-05,0.005,1999,0,4178,48812,2003,0.4794159885112494,366,0.13020583951830614,0.3160337991365218,0.5351972041937094,0.005594015782935868
1e-05,0.005,2000,0,4284,52970,2092,0.488328664799253,466,0.13407673409400822,0.328882803826238,0.5200764818355641,0.005773809251305783
1e-05,0.005,2001,0,4241,49697,1995,0.47040792265975007,397,0.13770089383860654,0.32480707024171734,0.4972431077694236,0.005527465487402846
1e-05,0.005,2002,0,4321,50129,2110,0.4883128905345985,348,0.13620314009119291,0.316396161775322,0.5336492890995261,0.005370948940145885
1e-05,0.005,2003,0,4442,49173,2199,0.495047276001801,357,0.1408786622386752,0.3116721462116452,0.5138699408822192,0.004985369739891505
1e-05,0.005,2004,0,4673,58619,2274,0.48662529424352663,374,0.1495537872582031,0.3244113937764586,0.5118733509234829,0.005369944361224053
1e-05,0.005,2005,0,4814,60407,2271,0.47174906522642296,373,0.14960927328107096,0.31888859238712525,0.503742844561867,0.0052142916148283135
1e-05,0.005,2006,0,4853,61301,2301,0.47413970739748607,399,0.1532547967259478,0.3131804879295795,0.5267275097783573,0.005206746950620289
1e-05,0.005,2007,0,5521,104645,2563,0.4642274950190183,413,0.17971511206705346,0.31496817270301775,0.5396020288724152,0.0068673890730780235
1e-05,0.005,2008,0,5722,133963,2622,0.45823138762670396,443,0.16145610602302524,0.3200160245305957,0.5011441647597255,0.008184554766464678
1e-05,0.005,2009,0,5557,107025,2432,0.4376462119848839,297,0.1964449473034972,0.31982876267534277,0.48355263157894735,0.006932862682484412
1e-05,0.005,2010,0,5190,75001,2533,0.4880539499036609,291,0.11133558153572995,0.2821314652042852,0.5104619028819581,0.005569882339661007
1e-05,0.005,2011,0,5114,68244,2495,0.4878764176769652,297,0.12792221717985072,0.29077848265427164,0.47414829659318636,0.005219849164073786
1e-05,0.005,2012,0,5301,71820,2441,0.4604791548764384,287,0.14156477128986397,0.3075722434961834,0.49365014338385904,0.005112598904443092
1e-05,0.005,2013,0,5451,73678,2398,0.43991928086589616,295,0.15026352931028844,0.3030296718000256,0.4949958298582152,0.004960153763554873
1e-05,0.005,2014,0,5471,73745,2501,0.45713763480168157,313,0.15584761697080468,0.3067640082291631,0.5193922431027589,0.004928429341747763
1e-05,0.005,2015,0,5487,73487,2577,0.46965554948059046,285,0.12479624462179914,0.2974986139986168,0.5106713232440823,0.004882584302099796
1e-05,0.005,2016,0,5845,89629,2466,0.4218990590248075,296,0.14061964534374716,0.29945181657885017,0.48864557988645585,0.005247879131733599
1e-05,0.005,2017,0,6520,127057,2534,0.38865030674846623,301,0.17679090805456218,0.32221912033927597,0.5,0.005978607129513823
1e-05,0.005,2018,0,6339,124745,2492,0.3931219435242152,289,0.18076045593088905,0.3227130750760847,0.4747191011235955,0.006209836366866649
1e-05,0.005,2019,0,6715,162658,2666,0.3970215934475056,308,0.16929729431607712,0.3221319043861341,0.49324831207801956,0.007215693372291282
1e-05,0.005,2020,0,6390,140045,2460,0.38497652582159625,271,0.22117853129750814,0.33779769813587535,0.4609756097560975,0.006860627775977441
1e-05,0.005,2021,0,6363,157232,2464,0.3872387238723872,343,0.20605024034407154,0.34189850814291517,0.48985389610389607,0.007768109635322449
1e-05,0.005,2022,0,6402,164360,2497,0.3900343642611684,301,0.2079972939894714,0.3409272834965475,0.49339207048458145,0.008021630094212182
1e-05,0.005,2023,0,6818,221499,2526,0.37048987973012615,280,0.18218257751999947,0.3199693029487921,0.48574821852731587,0.009531285413026886
1e-05,0.01,1990,0,2098,25960,891,0.42469018112488083,210,0.07095899763314654,0.3305171247821904,,0.01180132496693947
1e-05,0.01,1991,0,1392,8845,743,0.5337643678160919,179,0.04470074214426618,0.3515341916183252,0.6285329744279946,0.009136113108075725
1e-05,0.01,1992,0,2157,22564,932,0.43208159480760316,197,0.06463095654736688,0.3308535605566326,0.6856223175965666,0.009703919499270184
1e-05,0.01,1993,0,2190,21785,942,0.4301369863013699,207,0.06102118183744215,0.30977320377469153,0.6040339702760085,0.009088614512996697
1e-05,0.01,1994,0,2365,27251,1029,0.4350951374207188,222,0.06961668465803646,0.3164987134317897,0.6054421768707483,0.00974841079905417
1e-05,0.01,1995,0,2333,23643,1127,0.4830690098585512,216,0.052615915391271285,0.32502372990697603,0.6051464063886425,0.008691391100468408
1e-05,0.01,1996,0,2383,18861,1379,0.5786823331934536,251,0.04797908753544964,0.2868440757121591,0.6258158085569253,0.006645519110491929
1e-05,0.01,1997,0,2487,24373,1321,0.5311620426216325,252,0.07517703022450475,0.30529372358705165,0.5798637395912187,0.007884280640666947
1e-05,0.01,1998,0,4136,72430,1863,0.4504352030947776,392,0.1097321659839649,0.31698214646331463,0.6704240472356414,0.008470176045879048
1e-05,0.01,1999,0,4362,79931,1856,0.42549289316827144,347,0.11710737774970277,0.3240742110013492,0.5193965517241379,0.008403757156850964
1e-05,0.01,2000,0,4447,84502,1997,0.4490667865977063,384,0.11181594625287959,0.32994219655961543,0.5408112168252379,0.008547918954698214
1e-05,0.01,2001,0,4393,80204,1894,0.4311404507170499,382,0.13719141980064878,0.3599884880542221,0.5073917634635692,0.008313855832075952
1e-05,0.01,2002,0,4487,80332,1984,0.4421662580788946,380,0.14041058305150883,0.35432353584262594,0.533266129032258,0.007981844017407598
1e-05,0.01,2003,0,4600,78780,1993,0.43326086956521737,365,0.11906776578033151,0.31355064078689143,0.5223281485198193,0.0074477438384525935
1e-05,0.01,2004,0,4845,93401,2026,0.4181630546955624,337,0.1390000087704851,0.35666687691120663,0.535538005923001,0.007959460023741776
1e-05,0.01,2005,0,4982,96597,2153,0.4321557607386592,359,0.12844929109815337,0.32899038971582845,0.5369252206223873,0.007785264454545902
1e-05,0.01,2006,0,5020,95924,2187,0.4356573705179283,345,0.1460011553493238,0.34540635280374693,0.5185185185185186,0.007614411848521435
1e-05,0.01,2007,0,5678,152222,2333,0.4108841141246918,344,0.17175676373337762,0.3409712512723323,0.5456493784826404,0.009444808070085983
1e-05,0.01,2008,0,5856,189332,2596,0.44330601092896177,523,0.13177408173294938,0.3429813852388745,0.5373651771956857,0.011043991170966853
1e-05,0.01,2009,0,5698,154668,2383,0.4182169182169182,395,0.15978071699295388,0.34158235780817375,0.48468317247167436,0.009529317586189624
1e-05,0.01,2010,0,5332,112103,2277,0.42704426106526633,305,0.1438622925132635,0.3342915984524765,0.4949494949494949,0.007887664093851263
1e-05,0.01,2011,0,5271,102048,2198,0.4169986719787517,320,0.16557197750291647,0.3395148994181617,0.510919017288444,0.007347352255386154
1e-05,0.01,2012,0,5454,105980,2260,0.41437477081041435,293,0.1529896624637795,0.3354702786542015,0.5146017699115044,0.007126942903960914
1e-05,0.01,2013,0,5605,107496,2246,0.40071364852809993,241,0.15599395462319868,0.3211264136994228,0.5053428317008014,0.006844607617472164
1e-05,0.01,2014,0,5635,107767,2265,0.40195208518189884,277,0.17517067964855346,0.3400040123184292,0.5041942604856512,0.006788987762535676
1e-05,0.01,2015,0,5642,107055,2292,0.4062389223679546,250,0.15824066713570842,0.3324766729188847,0.5218150087260035,0.006727408040375886
1e-05,0.01,2016,0,6005,130430,2313,0.3851790174854288,304,0.17741355136824163,0.3474939778987756,0.5105923043666234,0.007235254210210124
1e-05,0.01,2017,0,6681,178642,2470,0.36970513396198174,325,0.17562261305708995,0.35282040523512875,0.5242914979757085,0.008005632202142638
1e-05,0.01,2018,0,6508,174065,2589,0.3978180700676091,486,0.16495599455819338,0.35556808658575484,0.5052143684820394,0.00822078138346402
1e-05,0.01,2019,0,6870,224787,2501,0.3640465793304221,351,0.16402283548795604,0.3410396780567816,0.48940423830467816,0.009526885234020831
1e-05,0.01,2020,0,6558,195670,2342,0.3571210734980177,300,0.19790576565315654,0.3601500019866665,0.4854824935952178,0.009100759646226166
1e-05,0.01,2021,0,6520,217599,2333,0.35782208588957054,312,0.15983588862458892,0.3387759830595458,0.4869267038148307,0.010239018179046242
1e-05,0.01,2022,0,6539,226097,2469,0.3775806698271907,376,0.16355698469855692,0.3389671643660274,0.4860267314702309,0.010577147043147614
1e-05,0.01,2023,0,6958,292593,2461,0.35369359011210116,332,0.1886583073021623,0.3613211937676404,0.4993904916700528,0.012088919892793587
1e-05,0.05,1990,0,2189,36995,886,0.4047510278666058,197,0.06777614153447917,0.3305640586509178,,0.015448273443000277
1e-05,0.05,1991,0,1467,12062,719,0.49011588275391954,173,0.05794440973303596,0.3525254223742472,0.6216968011126565,0.011217219948461421
1e-05,0.05,1992,0,2245,33951,893,0.3977728285077951,233,0.06057440663917066,0.3437828835170013,0.6931690929451289,0.01347855603063254
1e-05,0.05,1993,0,2285,32723,860,0.37636761487964987,174,0.08031097890751758,0.3593845146003769,0.6290697674418604,0.01254009434866084
1e-05,0.05,1994,0,2455,40660,961,0.3914460285132383,226,0.0682269271624576,0.32490437718649406,0.6399583766909469,0.01349805878261851
1e-05,0.05,1995,0,2427,35534,969,0.3992583436341162,213,0.06716466392107871,0.32694299708503066,0.6160990712074303,0.012070173722320787
1e-05,0.05,1996,0,2481,29976,1042,0.4199919387343813,259,0.08956826713724163,0.3421231121240922,0.6420345489443378,0.009743729765573195
1e-05,0.05,1997,0,2588,37648,1072,0.4142194744976816,229,0.09916775729561149,0.3322659899509445,0.6613805970149254,0.011246339891109333
1e-05,0.05,1998,0,4248,113890,1694,0.3987758945386064,448,0.08758114269544987,0.3898781957586873,0.7390791027154664,0.012625506782898041
1e-05,0.05,1999,0,4469,125523,1617,0.3618259118371,448,0.09135962250194954,0.38934087145087687,0.5677179962894249,0.01257273572464684
1e-05,0.05,2000,0,4563,134794,1772,0.3883410037256191,508,0.07765389887337013,0.39734462579312335,0.5761851015801354,0.012950746637051563
1e-05,0.05,2001,0,4509,129174,1773,0.3932135728542914,449,0.08713805407871218,0.3944077504661797,0.5459672870840384,0.01270986568714095
1e-05,0.05,2002,0,4600,127314,1834,0.39869565217391306,450,0.09248604750448632,0.38657463392568975,0.5479825517993457,0.012036075895516038
1e-05,0.05,2003,0,4711,123459,1862,0.3952451708766716,520,0.0920126770816869,0.3802469628817982,0.5617615467239527,0.011128041566897909
1e-05,0.05,2004,0,4963,145371,2005,0.40398952246625025,544,0.08481514418442675,0.3879007642021783,0.57356608478803,0.01180610763909277
1e-05,0.05,2005,0,5105,149207,2031,0.397845249755142,554,0.08947066408627866,0.3867632537621533,0.5608074839980306,0.011452829145929216
1e-05,0.05,2006,0,5144,148030,2001,0.3889968895800933,506,0.10280691738088978,0.38251520953395224,0.5397301349325337,0.011190828766938951
1e-05,0.05,2007,0,5793,224167,2175,0.37545313309166234,477,0.11203022856387893,0.3773094794035137,0.575632183908046,0.013361942351838236
1e-05,0.05,2008,0,5959,271618,2231,0.3743916764557812,471,0.1118839883223258,0.37848863578437136,0.5342895562528014,0.015300818319837001
1e-05,0.05,2009,0,5803,228593,2173,0.3744614854385663,501,0.116066336448515,0.3765585732939139,0.5283018867924528,0.013578838650597527
1e-05,0.05,2010,0,5453,175640,2113,0.3874931230515313,453,0.10122382591350189,0.3795890041855058,0.554661618551822,0.011815771377336564
1e-05,0.05,2011,0,5394,163056,1977,0.3665183537263626,359,0.11129634704002454,0.3777147906678658,0.5351542741527566,0.011210511215564526
1e-05,0.05,2012,0,5568,169538,2087,0.37482040229885055,464,0.10123751913929044,0.37837132890470226,0.5586966938188788,0.010938974333562517
1e-05,0.05,2013,0,5729,172100,2057,0.3590504451038576,446,0.10987086791630557,0.3788276723197729,0.5542051531356345,0.010488878010631005
1e-05,0.05,2014,0,5759,171730,2053,0.3564855009550269,400,0.11924265132773512,0.3808449087345426,0.5470043838285437,0.01035755925409892
1e-05,0.05,2015,0,5773,173532,2161,0.37432877186904556,515,0.10624912070247011,0.38132067995607105,0.5677926885701065,0.010415537524493007
1e-05,0.05,2016,0,6140,205491,2154,0.350814332247557,439,0.11215082992148658,0.3865933958521274,0.5566388115134633,0.01090327075306963
1e-05,0.05,2017,0,6812,272632,2421,0.35540223135642984,606,0.10206558645174288,0.3917720955591043,0.5766212308963239,0.01175225769029461
1e-05,0.05,2018,0,6647,262901,2334,0.35113585075974124,616,0.1147472371096323,0.3881798095251473,0.5252784918594687,0.011902445950130073
1e-05,0.05,2019,0,6994,329602,2432,0.3477266228195596,640,0.10657144055141968,0.3921893316491928,0.5304276315789473,0.013478162177046936
1e-05,0.05,2020,0,6707,300161,2250,0.33547040405546447,604,0.10095525925925926,0.39944423581342564,0.5182222222222221,0.013347268708180702
1e-05,0.05,2021,0,6656,327159,2283,0.3429987980769231,581,0.09981276221491996,0.3985597059304908,0.5409548839246605,0.014771598494480726
1e-05,0.05,2022,0,6677,334975,2265,0.3392242024861465,515,0.10594681519816382,0.3934567425466734,0.5108167770419426,0.015029505345205045
1e-05,0.05,2023,0,7092,411968,2283,0.321912013536379,544,0.1136463709656531,0.3938816190071634,0.5234340779675866,0.01638389916660721
1e-05,0.1,1990,0,2200,38907,863,0.3922727272727273,205,0.06896769333847139,0.3326454706370119,,0.016084583901773534
1e-05,0.1,1991,0,1477,12686,702,0.4752877454299255,167,0.06162287643769125,0.354416007422519,0.6324786324786325,0.011638254500351369
1e-05,0.1,1992,0,2253,35883,882,0.3914780292942743,230,0.05854813580761102,0.34628076562034527,0.7063492063492063,0.014144550900752815
1e-05,0.1,1993,0,2290,34768,834,0.36419213973799125,187,0.08004244086744988,0.362748446287351,0.6270983213429256,0.013265646789944695
1e-05,0.1,1994,0,2463,43032,999,0.4056029232643118,208,0.08025142259376493,0.3681256688633618,0.6676676676676676,0.014192832144825465
1e-05,0.1,1995,0,2434,37611,932,0.3829087921117502,194,0.08490209803090866,0.3638229939023479,0.6223175965665235,0.012702294964371365
1e-05,0.1,1996,0,2488,31867,977,0.39268488745980706,162,0.08306819384219861,0.31353411073156123,0.6438075742067554,0.010300184754937896
1e-05,0.1,1997,0,2594,39840,1035,0.3989976869699306,230,0.10015169548880956,0.33823294557465805,0.6685990338164252,0.01184613934497153
1e-05,0.1,1998,0,4260,119768,1638,0.3845070422535211,488,0.07670094116980565,0.3966826272381474,0.7496947496947497,0.013202420282042887
1e-05,0.1,1999,0,4478,131675,1600,0.3573023671281822,470,0.08049843750000002,0.39644290632193446,0.58375,0.013135969731852635
1e-05,0.1,2000,0,4576,141283,1738,0.3798076923076923,520,0.06826822359735212,0.4040944844233962,0.6052934407364787,0.013497172226680423
1e-05,0.1,2001,0,4517,135512,1694,0.37502767323444763,498,0.07608630502265791,0.40019814661598285,0.5678866587957497,0.013286289978632047
1e-05,0.1,2002,0,4612,133461,1840,0.398959236773634,482,0.08349243856332701,0.3921559510756203,0.5836956521739131,0.012551624824155368
1e-05,0.1,2003,0,4720,129408,1721,0.3646186440677966,453,0.09027324559285928,0.3872169673106545,0.5630447414294015,0.01161981316064521
1e-05,0.1,2004,0,4973,151955,1874,0.37683490850593204,528,0.08535267190527229,0.3925120299173416,0.575240128068303,0.012291231863648578
1e-05,0.1,2005,0,5116,155980,1924,0.37607505863956214,467,0.08778813196692614,0.3927403296115406,0.5722453222453223,0.011921275862358865
1e-05,0.1,2006,0,5155,154742,1963,0.3807953443258972,534,0.09452377906190662,0.38908079756275404,0.5751400916963831,0.011648368937030442
1e-05,0.1,2007,0,5800,232152,2126,0.366551724137931,487,0.1040448897270633,0.38170728425831135,0.5879586077140169,0.013804520398879711
1e-05,0.1,2008,0,5967,280151,2234,0.3743924920395509,536,0.10169000448028312,0.3820350236208145,0.5550581915846016,0.015739208399577945
1e-05,0.1,2009,0,5814,236500,2126,0.36566907464740284,494,0.11196634597940298,0.38022953222465466,0.5235183443085607,0.013995415303149275
1e-05,0.1,2010,0,5466,182722,2050,0.37504573728503476,499,0.0953541939321832,0.38410033890667594,0.5595121951219513,0.012233790589015888
1e-05,0.1,2011,0,5405,170108,1982,0.36669750231267345,466,0.09949637555354397,0.38234397325510117,0.5519677093844602,0.011647794383986646
1e-05,0.1,2012,0,5578,176896,1978,0.35460738615991394,435,0.10490317660084998,0.3831382033991401,0.5520728008088979,0.011372838027001361
1e-05,0.1,2013,0,5739,179597,1933,0.3368182610210838,383,0.11411059954947007,0.3840492811258538,0.5540610450077599,0.010907677900608623
1e-05,0.1,2014,0,5768,179320,2061,0.35731622746185854,513,0.10298910874796152,0.38558454354869215,0.5832120329936924,0.010781607630771184
1e-05,0.1,2015,0,5791,181270,2079,0.3590053531341737,527,0.10097562815215531,0.3876804536082336,0.5622895622895623,0.010812442271656722
1e-05,0.1,2016,0,6153,213885,1990,0.32341947017714934,462,0.11249311886063483,0.3909381626485623,0.5608040201005025,0.011300745172357168
1e-05,0.1,2017,0,6821,282314,2162,0.31696232224014076,485,0.11318022764750835,0.39589760979843247,0.5703052728954672,0.012137520792481043
1e-05,0.1,2018,0,6654,272430,2305,0.34640817553351366,655,0.10407046833018858,0.39237649076811254,0.5626898047722343,0.012307918338093542
1e-05,0.1,2019,0,7005,340427,2353,0.33590292648108494,619,0.10305170547531887,0.3969293371047358,0.5380365490862729,0.013877131900971444
1e-05,0.1,2020,0,6716,309982,2197,0.3271292435973794,603,0.09607278846127948,0.40246087743064585,0.5302685480200273,0.01374705806961471
1e-05,0.1,2021,0,6664,337431,2240,0.33613445378151263,588,0.09425542091836736,0.40191283802545746,0.5410714285714286,0.015198830545275292
1e-05,0.1,2022,0,6683,345183,2149,0.3215621726769415,546,0.10466738022013329,0.39673562463694284,0.498371335504886,0.015459714241861405
1e-05,0.1,2023,0,7100,422350,2271,0.31985915492957745,532,0.10802818684692661,0.39638400713900096,0.5420519594892118,0.016758956329893715
1e-05,1.0,1990,0,2209,41475,799,0.3617021276595745,218,0.07598202383768199,0.3747703281253383,,0.01700676087940638
1e-05,1.0,1991,0,1483,14070,622,0.4194200944032367,146,0.06297494856339368,0.3630115809479329,0.6688102893890675,0.01280367784963732
1e-05,1.0,1992,0,2257,38393,812,0.359769605671245,204,0.06436094057123444,0.38209229011122814,0.7536945812807881,0.01508034892234404
1e-05,1.0,1993,0,2300,37192,860,0.3739130434782609,224,0.06595997836668469,0.37182650504369685,0.6418604651162791,0.01406736388221722
1e-05,1.0,1994,0,2471,45749,862,0.348846620801295,228,0.07579901055657537,0.37787302659017175,0.642691415313225,0.014991390002572349
1e-05,1.0,1995,0,2442,40169,856,0.35053235053235055,240,0.07361177832125076,0.37339459596616464,0.6635514018691588,0.013477445267695166
1e-05,1.0,1996,0,2497,34399,889,0.35602723267921504,218,0.07946264872121578,0.35756304916522824,0.6794150731158606,0.01103856679297208
1e-05,1.0,1997,0,2603,42393,968,0.3718786016135229,257,0.09013002868656517,0.3474946968144583,0.703512396694215,0.0125182230755443
1e-05,1.0,1998,0,4270,125402,1466,0.3433255269320843,510,0.06689509742429121,0.4074909182841538,0.757162346521146,0.013758795916094626
1e-05,1.0,1999,0,4493,137725,1435,0.31938571110616515,474,0.06907695856450846,0.4126839070334357,0.5860627177700348,0.013647924474977303
1e-05,1.0,2000,0,4584,147422,1548,0.337696335078534,517,0.062065580994731875,0.4140051430506139,0.6072351421188631,0.014034528546388333
1e-05,1.0,2001,0,4522,141836,1568,0.34674922600619196,580,0.061284686068304874,0.411673885613579,0.5733418367346939,0.013875588303284853
1e-05,1.0,2002,0,4626,139507,1715,0.37073065283182016,596,0.06927895689721118,0.40439491578671294,0.6011661807580175,0.013040931982566223
1e-05,1.0,2003,0,4727,135481,1534,0.32451872223397504,462,0.07691882731106654,0.3993119182719311,0.5645371577574967,0.012129113767436256
1e-05,1.0,2004,0,4983,158665,1755,0.3521974714027694,591,0.07153091289843425,0.40583197474930144,0.6034188034188035,0.012782521190272539
1e-05,1.0,2005,0,5131,162613,1779,0.3467160397583317,561,0.07191735698570634,0.405079460725669,0.5637998875772906,0.012355657979266797
1e-05,1.0,2006,0,5162,161261,1776,0.3440526927547462,599,0.08270686226767308,0.39987069411037907,0.5686936936936937,0.01210618998132283
1e-05,1.0,2007,0,5808,240123,1960,0.33746556473829203,632,0.09336370262390671,0.3931472663652944,0.6091836734693877,0.014239191229735557
1e-05,1.0,2008,0,5971,288750,2060,0.3450008373806733,601,0.09252427184466022,0.389865498914162,0.5766990291262135,0.016200580864462993
1e-05,1.0,2009,0,5820,244577,1910,0.3281786941580756,583,0.10540884295934871,0.38875109301365895,0.5324607329842932,0.01444356058391488
1e-05,1.0,2010,0,5476,189790,1910,0.3487947406866326,602,0.0875918971519421,0.39376054603116684,0.5801047120418847,0.012660642871675823
1e-05,1.0,2011,0,5414,176841,1806,0.33357960842260803,551,0.0921887053000396,0.3924312172140616,0.5537098560354374,0.01206859405018402
1e-05,1.0,2012,0,5592,183840,1903,0.34030758226037194,600,0.09102175423985524,0.3934716820221176,0.5843405149763532,0.011760163291249041
1e-05,1.0,2013,0,5743,186549,1880,0.3273550409193801,605,0.09377206880941605,0.393691733934936,0.5648936170212766,0.011314123540702225
1e-05,1.0,2014,0,5775,186470,1895,0.3281385281385281,619,0.09431429744989242,0.3948066888131836,0.5762532981530343,0.011184335811976961
1e-05,1.0,2015,0,5801,188898,1951,0.33632132390967073,636,0.09087613207331549,0.39678813535300517,0.5786776012301384,0.011228622889038156
1e-05,1.0,2016,0,6161,222743,1944,0.31553319266352864,639,0.08875150298904302,0.4008355886088414,0.5756172839506173,0.011738217147241657
1e-05,1.0,2017,0,6832,293728,2085,0.30518149882903983,709,0.08863608393860452,0.40691843662556054,0.5952038369304556,0.012587607740850791
1e-05,1.0,2018,0,6678,284340,2003,0.2999401018268943,679,0.09203842763064587,0.40487252791018485,0.5591612581128307,0.012753816490100722
1e-05,1.0,2019,0,7022,353744,2098,0.29877527769866136,737,0.08750400990184484,0.40965909381049875,0.5686367969494757,0.014350243812242322
1e-05,1.0,2020,0,6739,322391,1884,0.2795667012909927,640,0.08778528315324939,0.413472500032768,0.5398089171974523,0.014199937798660139
1e-05,1.0,2021,0,6674,349913,1940,0.2906802517231046,671,0.08598947815920926,0.4128388328827602,0.5721649484536082,0.015713855175910726
1e-05,1.0,2022,0,6695,357743,1986,0.29663928304705006,636,0.09021559780497725,0.4082649756917887,0.5392749244712991,0.015964850312374976
1e-05,1.0,2023,0,7114,436402,1993,0.2801518133258364,583,0.09662745852329617,0.40923603858711977,0.5554440541896638,0.01724844937585523
0.00025,0.005,1990,0,1124,10493,439,0.3905693950177936,112,0.06916215669283578,0.3325916084947169,,0.01662584016503836
0.00025,0.005,1991,0,723,3257,374,0.5172890733056709,124,0.04644113357545254,0.3587760223341784,0.6310160427807487,0.012478783768768941
0.00025,0.005,1992,0,1189,10014,483,0.4062237174095879,122,0.07198367689861074,0.3336693719997394,0.6666666666666667,0.01417879382555581
0.00025,0.005,1993,0,1220,9688,524,0.42950819672131146,150,0.06964192063399567,0.3126115808561463,0.5935114503816794,0.013028685162522358
0.00025,0.005,1994,0,1318,12510,556,0.4218512898330804,150,0.0726541069302831,0.3110000366473845,0.5935251798561151,0.014414053183362656
0.00025,0.005,1995,0,1281,10302,598,0.46682279469164717,133,0.061308039059965784,0.3130129099101092,0.6036789297658862,0.012565866510538641
0.00025,0.005,1996,0,1296,7985,718,0.5540123456790124,157,0.07731550810437535,0.2992665391221748,0.6016713091922006,0.009515467848801182
0.00025,0.005,1997,0,1350,8288,770,0.5703703703703704,153,0.0690909090909091,0.2844488632962282,0.5363636363636364,0.009101941081184966
0.00025,0.005,1998,0,1993,30515,1003,0.5032614149523331,151,0.18204509104789315,0.2967067727199813,0.5563310069790628,0.015372579127347323
0.00025,0.005,1999,0,2039,33967,1027,0.5036782736635605,171,0.17105152129125112,0.2870463771993904,0.3894839337877313,0.01634804337980528
0.00025,0.005,2000,0,2086,37452,1051,0.5038350910834132,170,0.17979614358487822,0.29145409096575503,0.42626070409134154,0.01722204211702546
0.00025,0.005,2001,0,2106,35519,1048,0.4976258309591643,150,0.19058839811199818,0.2920716418817223,0.433206106870229,0.016024343973670974
0.00025,0.005,2002,0,2094,34964,1098,0.5243553008595988,138,0.1603461833238775,0.26017539105816395,0.41530054644808745,0.015955308343498203
0.00025,0.005,2003,0,2116,33072,1080,0.5103969754253308,139,0.1724468449931413,0.2749057902154695,0.4092592592592592,0.014779659199077613
0.00025,0.005,2004,0,2178,40720,1105,0.507346189164371,130,0.15845457709711108,0.26698372624562017,0.4090497737556561,0.01717597742151966
0.00025,0.005,2005,0,2171,41021,1091,0.5025333947489636,124,0.18296603911177275,0.2753434841215371,0.3959670027497708,0.017414727439838507
0.00025,0.005,2006,0,2198,41680,1189,0.5409463148316651,123,0.11501774395372213,0.24466783732553446,0.4053826745164003,0.017262351713789547
0.00025,0.005,2007,0,2237,63419,1119,0.5002235136343317,111,0.21098964110845173,0.2579834744868402,0.38516532618409294,0.025357801745405577
0.00025,0.005,2008,0,2260,79249,1076,0.4761061946902655,136,0.20898170285098322,0.2693218492468025,0.37360594795539037,0.03104553271672406
0.00025,0.005,2009,0,2240,65176,1088,0.4857142857142857,91,0.1868833126081315,0.25987425051530044,0.4090073529411765,0.025990557008868754
0.00025,0.005,2010,0,2233,48242,1198,0.5364979847738468,87,0.14492295171975556,0.24075062026886648,0.42070116861435725,0.019358530482001004
0.00025,0.005,2011,0,2229,44375,1145,0.5136832660385823,117,0.11559276138898958,0.23617817383746195,0.36244541484716153,0.017870763471233207
0.00025,0.005,2012,0,2256,46299,1331,0.5899822695035462,113,0.053196587642198034,0.20394879367694502,0.430503380916604,0.018201868188894656
0.00025,0.005,2013,0,2254,46787,1354,0.6007098491570542,112,0.0511412107896293,0.20611595565528734,0.3478581979320532,0.018426382884538055
0.00025,0.005,2014,0,2257,47021,1317,0.5835179441736819,108,0.05651059188037516,0.2094540184381989,0.32498101746393315,0.018469332604316907
0.00025,0.005,2015,0,2272,47706,1403,0.6175176056338029,124,0.02497600854294001,0.19546478999799197,0.3599429793300071,0.01849172977096396
0.00025,0.005,2016,0,2278,56577,1382,0.6066725197541704,125,0.037311432287358025,0.19384242972131732,0.3176555716353111,0.02181489668606514
0.00025,0.005,2017,0,2289,77174,1265,0.5526430755788554,102,0.05035229420862689,0.1898529361795382,0.31699604743083,0.029471293232761122
0.00025,0.005,2018,0,2274,75955,1137,0.5,113,0.20118752847569835,0.25667013893408525,0.32365875109938436,0.029389788968507597
0.00025,0.005,2019,0,2278,96954,1123,0.4929762949956102,103,0.18675250509662378,0.2505511505174498,0.333926981300089,0.03738341540379942
0.00025,0.005,2020,0,2274,85942,1065,0.4683377308707124,85,0.21615023474178402,0.24885525690146004,0.3605633802816901,0.033254127358718716
0.00025,0.005,2021,0,2256,95805,1041,0.46143617021276595,104,0.18314707003260186,0.25112632963334497,0.3592699327569645,0.037664527999245176
0.00025,0.005,2022,0,2249,97848,1086,0.4828812805691418,97,0.18837438824618702,0.2439076608471468,0.3766114180478821,0.038707594834556755
0.00025,0.005,2023,0,2262,122418,1026,0.4535809018567639,93,0.20168598885127043,0.26147048269350887,0.3586744639376218,0.047872059615413944
0.00025,0.01,1990,0,1235,15583,500,0.4048582995951417,129,0.081808,0.32543748154736907,,0.02045026542168912
0.00025,0.01,1991,0,818,4717,408,0.49877750611246946,130,0.056973279507881586,0.3561818422089121,0.5882352941176471,0.01411628804769073
0.00025,0.01,1992,0,1307,14974,552,0.4223412394797246,160,0.08656269691241336,0.3252913932227981,0.6811594202898551,0.017544825776154082
0.00025,0.01,1993,0,1342,14461,590,0.4396423248882265,142,0.07900028727377192,0.3026149832908817,0.5847457627118644,0.016071152719848946
0.00025,0.01,1994,0,1439,18541,585,0.4065323141070188,127,0.08831324421068008,0.29771001116151474,0.5692307692307692,0.017920225469510682
0.00025,0.01,1995,0,1408,15757,672,0.4772727272727273,137,0.06660111961451247,0.29916938332514414,0.5788690476190477,0.01590767752148349
0.00025,0.01,1996,0,1430,12259,722,0.5048951048951049,159,0.10821356496650579,0.30869320021180235,0.5678670360110804,0.01199821871620332
0.00025,0.01,1997,0,1487,13338,761,0.511768661735037,126,0.10565840299350224,0.295075393492637,0.5400788436268069,0.012072325339121195
0.00025,0.01,1998,0,2126,53810,941,0.44261523988711193,155,0.13786744153742425,0.2951086094394386,0.5887353878852285,0.023821592606939297
0.00025,0.01,1999,0,2173,60277,952,0.43810400368154623,161,0.14918393828119483,0.29557455804220284,0.4201680672268907,0.02554242210826153
0.00025,0.01,2000,0,2217,64336,1008,0.4546684709066306,149,0.15137825963718823,0.29693544168192537,0.42559523809523814,0.02619079023430694
0.00025,0.01,2001,0,2236,61774,1012,0.4525939177101968,157,0.1484791201237326,0.2907888516355387,0.40711462450592883,0.024722158856699202
0.00025,0.01,2002,0,2224,60854,991,0.4455935251798561,128,0.15769269540903452,0.2804666397031501,0.39354187689202824,0.024617552921225774
0.00025,0.01,2003,0,2245,58177,1045,0.46547884187082406,160,0.15533252443854303,0.3100531221507022,0.4363636363636364,0.0230962844745106
0.00025,0.01,2004,0,2308,70364,1020,0.44194107452339687,146,0.16020761245674742,0.30215662479552113,0.4068627450980392,0.026429997167838972
0.00025,0.01,2005,0,2303,71746,990,0.42987407729049065,122,0.19367003367003371,0.3132678249344517,0.38989898989898986,0.02706627135761046
0.00025,0.01,2006,0,2325,71202,1052,0.4524731182795699,121,0.14914737816073673,0.27111575838069313,0.42015209125475284,0.02635500527455444
0.00025,0.01,2007,0,2364,100991,1019,0.4310490693739425,111,0.2088358480335837,0.28677778057295994,0.41805691854759564,0.03615775638670909
0.00025,0.01,2008,0,2385,122221,1012,0.4243186582809224,132,0.1966676561108594,0.2893890498141866,0.38438735177865613,0.04299136099503328
0.00025,0.01,2009,0,2364,102946,996,0.4213197969543147,104,0.2190609828873728,0.28567457684275305,0.392570281124498,0.036857704042797416
0.00025,0.01,2010,0,2359,79222,1029,0.4362017804154303,122,0.18466700854991444,0.2748479849801299,0.43440233236151604,0.028484201950122624
0.00025,0.01,2011,0,2358,72715,1071,0.4541984732824427,113,0.1791278602944445,0.27232529356231805,0.39495798319327735,0.026166800352513203
0.00025,0.01,2012,0,2383,74914,1033,0.43348720100713384,94,0.15758854228653837,0.25961143135876036,0.3504356243949661,0.026395335276146143
0.00025,0.01,2013,0,2382,74715,1036,0.434928631402183,93,0.16501319300547096,0.26030215015001357,0.39671814671814676,0.026347331995425584
0.00025,0.01,2014,0,2385,75286,1093,0.4582809224318658,96,0.16594581337279818,0.26440455831496523,0.4089661482159195,0.026481927032769123
0.00025,0.01,2015,0,2398,75735,1275,0.5316930775646372,108,0.047454363706266836,0.2041803663942504,0.4376470588235294,0.026351747023228577
0.00025,0.01,2016,0,2407,90133,1046,0.4345658496053178,85,0.1583323888874671,0.2612275921442051,0.32026768642447423,0.031127347121740034
0.00025,0.01,2017,0,2417,118700,1007,0.4166321886636326,105,0.24874439006399096,0.2824158200770331,0.38728897715988087,0.04065436053122611
0.00025,0.01,2018,0,2405,115863,1049,0.4361746361746362,95,0.16470450317656923,0.2505449177878404,0.42135367016205916,0.040079770029853225
0.00025,0.01,2019,0,2410,146371,983,0.4078838174273859,100,0.25527456071630744,0.2754602276902385,0.3560528992878942,0.050423291632863625
0.00025,0.01,2020,0,2404,130803,992,0.41264559068219636,123,0.20430378511966704,0.27179385628802405,0.4042338709677419,0.04528553118917493
0.00025,0.01,2021,0,2381,144298,941,0.39521209575808486,126,0.26268999560690753,0.28976581833695614,0.38682252922422955,0.05092768732860637
0.00025,0.01,2022,0,2374,146712,936,0.3942712721145746,104,0.22514427642632767,0.2686326892403654,0.38568376068376065,0.05208554110746743
0.00025,0.01,2023,0,2388,176901,1043,0.4367671691792295,112,0.13271235254157515,0.2352554751774724,0.40364333652924256,0.06206882758998175
0.00025,0.05,1990,0,1322,24217,518,0.3918305597579425,131,0.08974970557982138,0.32557868580077226,,0.02773422692431466
0.00025,0.05,1991,0,899,7225,428,0.4760845383759733,122,0.0737509826185693,0.35542424802861083,0.5981308411214954,0.017899125729900333
0.00025,0.05,1992,0,1388,24359,549,0.39553314121037464,166,0.07532489938653157,0.3406858836251599,0.6794171220400729,0.025306001176008595
0.00025,0.05,1993,0,1434,23608,573,0.399581589958159,153,0.10292420103006435,0.35754326673788134,0.5671902268760908,0.02297702783852623
0.00025,0.05,1994,0,1531,29839,582,0.380143696930111,163,0.08996114830953814,0.3134173828728476,0.5773195876288659,0.02547696195830825
0.00025,0.05,1995,0,1502,25741,538,0.3581890812250333,116,0.08888075068061524,0.30903968915654056,0.5390334572490707,0.022835198194545846
0.00025,0.05,1996,0,1528,21605,626,0.4096858638743455,145,0.12502934601761778,0.3325385205382642,0.6150159744408945,0.018519185207281155
0.00025,0.05,1997,0,1582,23862,638,0.40328697850821743,143,0.12281718929648887,0.32741844992447205,0.5940438871473355,0.01908088385225629
0.00025,0.05,1998,0,2226,88677,818,0.3674752920035939,192,0.11905117736025013,0.33120374959726284,0.6442542787286063,0.035808473908961504
0.00025,0.05,1999,0,2267,98712,812,0.35818262020291136,217,0.1197766264650926,0.3395118217562144,0.43842364532019706,0.03843160492596683
0.00025,0.05,2000,0,2313,106393,817,0.353220925205361,216,0.13013997234411354,0.370360437338488,0.44553243574051404,0.03979051756507898
0.00025,0.05,2001,0,2330,103359,876,0.3759656652360515,194,0.1257506098705198,0.3661702852608622,0.4509132420091324,0.03809367611585219
0.00025,0.05,2002,0,2317,100985,816,0.3521795425118688,198,0.15958105055747787,0.3541474300843231,0.41789215686274506,0.037637630698382385
0.00025,0.05,2003,0,2342,96071,876,0.3740392826643894,195,0.1414795354558913,0.35158325980946736,0.4600456621004566,0.03504564057124493
0.00025,0.05,2004,0,2403,114455,873,0.36329588014981273,176,0.14904694612066988,0.3531946127239979,0.4043528064146621,0.03965865593348309
0.00025,0.05,2005,0,2400,115986,905,0.3770833333333333,192,0.13885900918775368,0.350217938041505,0.42320441988950275,0.040289704043351394
0.00025,0.05,2006,0,2426,115442,908,0.3742786479802143,201,0.15083011508082828,0.34379762517583046,0.39977973568281944,0.03924562939291694
0.00025,0.05,2007,0,2459,157317,899,0.36559577063847093,186,0.15737545486828153,0.3350426383147308,0.43715239154616237,0.052055334830520786
0.00025,0.05,2008,0,2481,185034,902,0.3635630794034663,197,0.15589893854995795,0.33782617370392,0.4290465631929047,0.060145492842376254
0.00025,0.05,2009,0,2458,160981,867,0.3527257933279089,171,0.16565760573854343,0.3332369695618319,0.38754325259515576,0.05331109236723557
0.00025,0.05,2010,0,2458,131615,882,0.35882831570382423,175,0.14872146893526872,0.33937559432074704,0.4240362811791383,0.043586133903465066
0.00025,0.05,2011,0,2459,123607,923,0.37535583570557135,179,0.14933521455426443,0.3372575679331067,0.4387865655471289,0.040900880212540174
0.00025,0.05,2012,0,2480,127634,862,0.34758064516129034,188,0.16909092866640468,0.3358736348366496,0.4025522041763341,0.04152103475647048
0.00025,0.05,2013,0,2482,127833,838,0.33763094278807415,161,0.17055325499399068,0.33653453461892374,0.4128878281622912,0.04151876582737914
0.00025,0.05,2014,0,2483,128351,932,0.37535239629480466,179,0.152323675145978,0.33503372439216556,0.4570815450643777,0.041653428649222446
0.00025,0.05,2015,0,2495,130731,866,0.3470941883767535,168,0.1535263402119591,0.3373931939649685,0.4006928406466512,0.042018600151385366
0.00025,0.05,2016,0,2508,151208,852,0.3397129186602871,151,0.16159161542022085,0.3370431618292697,0.4424882629107981,0.048097543783307856
0.00025,0.05,2017,0,2517,191940,870,0.3456495828367104,198,0.16472453428458186,0.33526403522933307,0.44252873563218387,0.06061800424837654
0.00025,0.05,2018,0,2503,185110,859,0.34318817419097086,184,0.18339135985341815,0.3304906042671416,0.4214202561117578,0.05911690942890913
0.00025,0.05,2019,0,2509,226321,870,0.346751693901953,193,0.17616065530453162,0.33161129145035495,0.3816091954022989,0.07193274864395671
0.00025,0.05,2020,0,2506,209723,769,0.3068635275339186,209,0.16516307297911093,0.34559810841209626,0.39661898569570875,0.06681704428334075
0.00025,0.05,2021,0,2482,227041,769,0.3098307816277196,169,0.18867155595313187,0.34319260582959166,0.4161248374512354,0.07374044348653311
0.00025,0.05,2022,0,2475,228603,781,0.31555555555555553,186,0.1797049319546659,0.3389299139704835,0.4020486555697823,0.07466843046471179
0.00025,0.05,2023,0,2487,263345,803,0.3228789706473663,181,0.18758578121583291,0.3372585234963784,0.4122042341220423,0.0851879491780428
0.00025,0.1,1990,0,1333,25686,526,0.3945986496624156,141,0.10338446413855913,0.3663115998516903,,0.0289329089029014
0.00025,0.1,1991,0,910,7745,411,0.45164835164835165,112,0.07550866973318891,0.35435659502276373,0.6155717761557178,0.018726048429018725
0.00025,0.1,1992,0,1395,25879,529,0.37921146953405016,139,0.09308500184033075,0.37129173292508383,0.720226843100189,0.026615860086494605
0.00025,0.1,1993,0,1442,25279,536,0.37170596393897365,143,0.09579666963689012,0.3605768253221185,0.5802238805970149,0.02433103841241394
0.00025,0.1,1994,0,1540,31763,536,0.34805194805194806,126,0.12030101358877254,0.3631571675450824,0.5895522388059702,0.02680354083862856
0.00025,0.1,1995,0,1507,27407,528,0.35036496350364965,112,0.09461088154269971,0.3074069204470623,0.553030303030303,0.02415200952438862
0.00025,0.1,1996,0,1536,23171,601,0.3912760416666667,160,0.11747198928020684,0.3369104667437212,0.6222961730449251,0.019655096362649293
0.00025,0.1,1997,0,1589,25556,576,0.36249213341724357,138,0.12674816743827158,0.33404761357565826,0.578125,0.020255757070413247
0.00025,0.1,1998,0,2236,93239,759,0.33944543828264756,191,0.11588821710835803,0.3487935689357153,0.6561264822134387,0.03731455579434353
0.00025,0.1,1999,0,2273,103475,792,0.3484381874175099,208,0.11881759514335272,0.37360525657828136,0.4545454545454546,0.04007353624607301
0.00025,0.1,2000,0,2322,111388,817,0.35185185185185186,216,0.10591185772349809,0.378656425300979,0.4785801713586292,0.04133624722184184
0.00025,0.1,2001,0,2336,108337,829,0.3548801369863014,199,0.11716268383289122,0.3734766279979989,0.4414957780458384,0.039723460737438036
0.00025,0.1,2002,0,2322,105862,817,0.35185185185185186,207,0.12828526013162767,0.3613879934551252,0.4283965728274174,0.03928554066325476
0.00025,0.1,2003,0,2348,100743,839,0.35732538330494035,213,0.12468302550996488,0.3582782655459136,0.432657926102503,0.03656231558791571
0.00025,0.1,2004,0,2410,119600,845,0.3506224066390041,207,0.1362711389657225,0.3593448778150251,0.44260355029585796,0.04120095974810918
0.00025,0.1,2005,0,2405,121273,845,0.35135135135135137,204,0.1299128181786352,0.3578800574385382,0.4402366863905326,0.04195121782476192
0.00025,0.1,2006,0,2431,120672,838,0.34471410941999175,176,0.14699733995591274,0.35099459383328324,0.41408114558472553,0.04085500556088791
0.00025,0.1,2007,0,2464,163115,823,0.3340097402597403,169,0.15702708727959383,0.34130733224062687,0.41555285540704734,0.053754989427949235
0.00025,0.1,2008,0,2486,191076,847,0.3407079646017699,180,0.1597066666294959,0.3424917649432192,0.4179456906729634,0.06185981536847796
0.00025,0.1,2009,0,2463,166746,811,0.32927324401136826,178,0.1692526162308943,0.33803497051883935,0.41800246609124536,0.05499623509995043
0.00025,0.1,2010,0,2463,137126,815,0.33089727974015426,162,0.15289547969438064,0.34524814587731717,0.43435582822085894,0.04522695437561202
0.00025,0.1,2011,0,2465,129049,835,0.33874239350912777,173,0.14940227329771597,0.34310141424903823,0.4299401197604791,0.042493941150127765
0.00025,0.1,2012,0,2486,133270,808,0.3250201126307321,179,0.15964121164591702,0.3427392803651029,0.4108910891089109,0.04314543738699291
0.00025,0.1,2013,0,2487,133552,829,0.3333333333333333,175,0.15767249043639717,0.3433140255023265,0.42460796139927626,0.04320196316097124
0.00025,0.1,2014,0,2489,134114,864,0.3471273603856971,147,0.13847361539780528,0.3156785923726449,0.4502314814814815,0.04331405450864834
0.00025,0.1,2015,0,2500,136597,817,0.3268,171,0.14346154019017546,0.34490395361808207,0.412484700122399,0.043728531412565025
0.00025,0.1,2016,0,2513,157375,812,0.3231197771587744,185,0.16040792059986905,0.34409022736488654,0.4433497536945813,0.04986015395104691
0.00025,0.1,2017,0,2522,198633,804,0.31879460745440125,179,0.17076000594044707,0.34263721832136934,0.4353233830845771,0.06248322968901041
0.00025,0.1,2018,0,2508,191731,776,0.3094098883572568,163,0.1969855988946753,0.33764607257980545,0.43170103092783507,0.06098744885930241
0.00025,0.1,2019,0,2514,233663,834,0.3317422434367542,187,0.1587909528492314,0.3377124201636899,0.44124700239808157,0.07397111788785823
0.00025,0.1,2020,0,2511,216586,711,0.2831541218637993,200,0.1722796876885431,0.3506219976446538,0.40365682137834036,0.06872898688003859
0.00025,0.1,2021,0,2487,234160,675,0.27141133896260555,157,0.2079319615912208,0.3478045406289691,0.4177777777777778,0.07574706252076364
0.00025,0.1,2022,0,2480,235563,702,0.2830645161290323,195,0.1976972589508203,0.34388550803941625,0.43162393162393164,0.07663177139585421
0.00025,0.1,2023,0,2492,270257,765,0.30698234349919745,180,0.19503097099406208,0.34095685358548844,0.4418300653594771,0.08707333559723512
0.00025,1.0,1990,0,1341,27485,458,0.3415361670395227,148,0.09007265307679109,0.3765578199825142,,0.030590893407681948
0.00025,1.0,1991,0,916,8704,353,0.3853711790393013,93,0.08332463947226923,0.3658354506397435,0.6260623229461757,0.02076979979478369
0.00025,1.0,1992,0,1400,27710,468,0.3342857142857143,143,0.08368945868945869,0.38214991848803626,0.75,0.028295721433677118
0.00025,1.0,1993,0,1448,27059,478,0.3301104972375691,150,0.09395843910295686,0.3729911221611355,0.6234309623430963,0.025828824735497715
0.00025,1.0,1994,0,1544,33794,493,0.31930051813471505,143,0.10153096700665298,0.3751424878225985,0.6024340770791075,0.028369806480209807
0.00025,1.0,1995,0,1515,29317,495,0.32673267326732675,127,0.1049239873482298,0.36512872900339877,0.5818181818181818,0.025562952596448547
0.00025,1.0,1996,0,1545,25070,527,0.34110032362459547,140,0.1155190851513526,0.35126398790541036,0.6204933586337761,0.021018830591746734
0.00025,1.0,1997,0,1599,27421,535,0.33458411507191993,151,0.10701021923312079,0.34493215911034447,0.6093457943925233,0.021462882386598006
0.00025,1.0,1998,0,2240,96918,689,0.30758928571428573,201,0.10112676709056478,0.3896874619977862,0.6763425253991291,0.038648471894340584
0.00025,1.0,1999,0,2277,107430,740,0.32498902064119456,239,0.09333455076698317,0.39106829639715773,0.46756756756756757,0.04145913941894686
0.00025,1.0,2000,0,2327,115440,691,0.29694886119467123,225,0.09839344392761176,0.3916001216833637,0.4587554269175108,0.04265600906920553
0.00025,1.0,2001,0,2340,112572,742,0.3170940170940171,243,0.09898939996076754,0.3882483799188577,0.5040431266846361,0.041135264906107145
0.00025,1.0,2002,0,2325,109899,689,0.29634408602150536,196,0.12061189625063987,0.37802445417439495,0.4716981132075472,0.0406784742657265
0.00025,1.0,2003,0,2351,104788,718,0.3054019566142067,198,0.1146561556784941,0.37524939342378955,0.46935933147632314,0.037933337556675745
0.00025,1.0,2004,0,2415,123951,746,0.30890269151138716,210,0.11621947976338504,0.3764348157066327,0.47319034852546915,0.042523169708789825
0.00025,1.0,2005,0,2410,125538,743,0.308298755186722,215,0.11862171655052364,0.3743418789126391,0.45625841184387617,0.0432465391710546
0.00025,1.0,2006,0,2436,124936,756,0.3103448275862069,207,0.126665686850872,0.3669512290772893,0.43386243386243384,0.042125138662701504
0.00025,1.0,2007,0,2468,167888,714,0.2893030794165316,205,0.14830638137607985,0.35592318403273704,0.4425770308123249,0.05514870849508488
0.00025,1.0,2008,0,2489,196118,771,0.3097629570108477,208,0.1508829303496898,0.35348766259915365,0.4708171206225681,0.06333914238727571
0.00025,1.0,2009,0,2466,171610,740,0.30008110300081103,175,0.15847699050401756,0.3502801641147078,0.4175675675675675,0.056462823404384826
0.00025,1.0,2010,0,2467,141552,713,0.28901499797324687,189,0.14492032362319493,0.3582006082999486,0.43618513323983166,0.046535435633574866
0.00025,1.0,2011,0,2468,133415,657,0.2662074554294976,190,0.1517135450331172,0.35721085430463034,0.4337899543378996,0.04382484122672108
0.00025,1.0,2012,0,2490,137758,1712,0.6875502008032128,257,0.27474765809240975,0.3313651765405517,0.735981308411215,0.04445520127920279
0.00025,1.0,2013,0,2490,137985,679,0.27269076305220885,184,0.15089981151350967,0.3559263457623215,0.3136966126656848,0.04452845532390712
0.00025,1.0,2014,0,2492,138659,728,0.29213483146067415,204,0.14471757637966434,0.3550854947974041,0.49862637362637363,0.04467414957087892
0.00025,1.0,2015,0,2503,141501,683,0.2728725529364762,192,0.14602916681851016,0.358727905481847,0.4216691068814056,0.045189896824050946
0.00025,1.0,2016,0,2517,162957,667,0.2649980135081446,198,0.15240430759133172,0.35969825050579934,0.4557721139430285,0.05146466665782378
0.00025,1.0,2017,0,2525,205021,646,0.25584158415841585,182,0.1613501519232428,0.3605327187960101,0.47213622291021673,0.06433948941645354
0.00025,1.0,2018,0,2512,198264,617,0.24562101910828024,187,0.16348515454872614,0.35837183359359454,0.45380875202593196,0.06286479617073412
0.00025,1.0,2019,0,2518,240476,589,0.23391580619539318,183,0.17368507527650387,0.3601702784604752,0.4617996604414262,0.07588619784196614
0.00025,1.0,2020,0,2516,223254,511,0.20310015898251194,166,0.17784475396463703,0.3695645616399514,0.4461839530332681,0.07056358194236804
0.00025,1.0,2021,0,2490,240810,558,0.22409638554216868,176,0.17783687259927286,0.366333191028894,0.48566308243727596,0.07771060134471192
0.00025,1.0,2022,0,2484,242187,593,0.2387278582930757,194,0.17537658289942532,0.3626848884336579,0.4873524451939292,0.07853305861500717
0.00025,1.0,2023,0,2496,277047,577,0.2311698717948718,185,0.1889862403094953,0.3618265676344895,0.4488734835355286,0.08897506551564668
0.0005,0.005,1990,0,820,7066,335,0.40853658536585363,91,0.07332590777456002,0.32190412271120983,,0.021042913725840554
0.0005,0.005,1991,0,523,2184,276,0.5277246653919694,94,0.06926065952530978,0.3736229075667954,0.6123188405797102,0.015999648359376718
0.0005,0.005,1992,0,852,7096,335,0.3931924882629108,83,0.08323457340164847,0.33073483584812036,0.6955223880597015,0.01957376850212123
0.0005,0.005,1993,0,875,6861,368,0.4205714285714286,102,0.06793478260869568,0.30489016562543003,0.5923913043478262,0.017943118666230794
0.0005,0.005,1994,0,939,8724,367,0.3908413205537806,98,0.07699960650090211,0.3074900619467328,0.5585831062670299,0.019809669134927824
0.0005,0.005,1995,0,922,7052,427,0.4631236442516269,105,0.07172199704929001,0.32302853274588533,0.5644028103044496,0.016609316008017315
0.0005,0.005,1996,0,917,5557,473,0.5158124318429662,112,0.07829561657183466,0.2925046678102413,0.5687103594080338,0.01323139342739996
0.0005,0.005,1997,0,968,5763,578,0.5971074380165289,115,0.07249075082913278,0.26019210274386817,0.546712802768166,0.01231336586699941
0.0005,0.005,1998,0,1330,22464,681,0.51203007518797,103,0.1593946019609239,0.2721015856872921,0.5080763582966226,0.02541794667255045
0.0005,0.005,1999,0,1341,24932,685,0.5108128262490679,97,0.19415632159411797,0.2720762602795468,0.3868613138686131,0.027749396195755005
0.0005,0.005,2000,0,1363,27441,728,0.5341159207630227,113,0.17049193937930207,0.26800960463255363,0.396978021978022,0.029563576071182703
0.0005,0.005,2001,0,1370,26076,770,0.5620437956204379,102,0.16122786304604494,0.259063889717488,0.38441558441558443,0.02780654001802157
0.0005,0.005,2002,0,1366,25601,794,0.5812591508052709,95,0.07208979182660888,0.2042497117031274,0.36523929471032746,0.027460192321100082
0.0005,0.005,2003,0,1365,24171,772,0.5655677655677656,74,0.11376815484979462,0.23815105634318895,0.3264248704663213,0.02596435822242274
0.0005,0.005,2004,0,1386,29703,804,0.5800865800865801,80,0.11324286527561195,0.23132846014753736,0.36318407960199006,0.030946911091315425
0.0005,0.005,2005,0,1390,30208,792,0.5697841726618705,78,0.09432392102846643,0.2235908865341619,0.3421717171717171,0.031292115335809105
0.0005,0.005,2006,0,1405,30390,825,0.5871886120996441,77,0.09490541781450872,0.22081230416651976,0.3418181818181818,0.030811813729963194
0.0005,0.005,2007,0,1413,44059,768,0.5435244161358811,69,0.18414984809027782,0.23102879192415035,0.36588541666666663,0.04416596997928984
0.0005,0.005,2008,0,1420,54351,706,0.4971830985915493,91,0.19178791259058342,0.24481206066644673,0.3342776203966006,0.053946937438584995
0.0005,0.005,2009,0,1416,44500,735,0.5190677966101694,70,0.17920866305705951,0.23106974371901465,0.382312925170068,0.04441915713401609
0.0005,0.005,2010,0,1416,34306,849,0.5995762711864406,82,0.08424100410515524,0.211006965616011,0.39458186101295645,0.03424367650875407
0.0005,0.005,2011,0,1414,31581,906,0.6407355021216408,89,0.03163360281469136,0.18572226851567408,0.3377483443708609,0.03161289741349021
0.0005,0.005,2012,0,1423,33018,910,0.6394940267041461,85,0.04519260958821399,0.19090672351963955,0.31868131868131866,0.032634447340408185
0.0005,0.005,2013,0,1425,33143,901,0.632280701754386,76,0.041553287074048935,0.19513454898969243,0.30854605993340734,0.03266607530061108
0.0005,0.005,2014,0,1420,33405,908,0.6394366197183099,78,0.036753575656426486,0.19053000100919876,0.30396475770925113,0.03315665664175327
0.0005,0.005,2015,0,1428,33926,903,0.6323529411764706,88,0.04684642921527724,0.20719263665440207,0.31450719822812845,0.03329741146633846
0.0005,0.005,2016,0,1431,40030,869,0.6072676450034941,75,0.05732949662389874,0.2034093477149884,0.2957422324510932,0.03912369950105799
0.0005,0.005,2017,0,1426,53079,812,0.5694249649368864,65,0.0866618942464025,0.1967938679959883,0.291871921182266,0.05224182475824906
0.0005,0.005,2018,0,1426,52693,800,0.5610098176718092,69,0.15413749999999996,0.21991352123584354,0.30625,0.05186191284663271
0.0005,0.005,2019,0,1431,65874,763,0.53319357092942,67,0.17156014834180455,0.2255484050044879,0.3079947575360419,0.06438257759012476
0.0005,0.005,2020,0,1431,59297,810,0.5660377358490566,75,0.15211095869532085,0.21636613448555098,0.3617283950617284,0.05795448436957871
0.0005,0.005,2021,0,1421,66048,786,0.5531315974665728,74,0.13914625539822206,0.22480197490681664,0.31806615776081426,0.06546470943889941
0.0005,0.005,2022,0,1417,67022,869,0.6132674664784756,77,0.06921040678742679,0.19237435858025598,0.36248561565017257,0.06680581637820014
0.0005,0.005,2023,0,1422,81628,835,0.5872011251758087,80,0.05764423249309764,0.1870811792948588,0.3017964071856287,0.08079332416802018
0.0005,0.01,1990,0,928,11304,394,0.4245689655172414,107,0.09438532299208945,0.31505478040013135,,0.026280549045865416
0.0005,0.01,1991,0,616,3420,310,0.5032467532467533,93,0.07040582726326741,0.35523547568424313,0.5806451612903225,0.018055115616091227
0.0005,0.01,1992,0,970,11335,398,0.41030927835051545,102,0.10177773288553316,0.32158175003180894,0.6532663316582914,0.02411881735873948
0.0005,0.01,1993,0,994,10976,412,0.41448692152917505,106,0.12615467998868887,0.344258144782577,0.5679611650485437,0.022240188360778974
0.0005,0.01,1994,0,1058,13921,419,0.3960302457466919,108,0.09810265377845878,0.2926206320906097,0.5656324582338902,0.02489658465572035
0.0005,0.01,1995,0,1045,11680,485,0.46411483253588515,103,0.08860877882878092,0.30387356224221423,0.5628865979381443,0.02141194155713212
0.0005,0.01,1996,0,1046,9191,527,0.5038240917782026,98,0.1210568575841918,0.30598397146001216,0.5597722960151803,0.016816855279167847
0.0005,0.01,1997,0,1102,10057,610,0.5535390199637024,104,0.07696318194033863,0.25195678036344127,0.5327868852459017,0.0165779006380934
0.0005,0.01,1998,0,1456,42721,636,0.4368131868131868,107,0.17390035995411576,0.31511171908239227,0.5330188679245282,0.04033174729051018
0.0005,0.01,1999,0,1467,47753,639,0.43558282208588955,90,0.16148324480004705,0.28203588721734535,0.40062597809076683,0.04440854785266774
0.0005,0.01,2000,0,1487,50703,677,0.45527908540685946,96,0.15599056572898506,0.27935914096113934,0.395864106351551,0.045891671290258056
0.0005,0.01,2001,0,1494,48860,699,0.4678714859437751,103,0.19686206127289957,0.3040363740054262,0.3848354792560801,0.043809979816564766
0.0005,0.01,2002,0,1494,48092,668,0.44712182061579653,99,0.21284825558463916,0.29360820665441467,0.3772455089820359,0.04312135794797856
0.0005,0.01,2003,0,1491,46023,668,0.44802146210596916,93,0.1910878841120155,0.294251892100783,0.39520958083832336,0.0414324875427059
0.0005,0.01,2004,0,1511,55364,667,0.4414295168762409,82,0.21728341226688003,0.2937643977398698,0.3508245877061469,0.04853064283554157
0.0005,0.01,2005,0,1520,56840,671,0.44144736842105264,95,0.20331111560253293,0.26907042000386755,0.35767511177347244,0.04923599320882852
0.0005,0.01,2006,0,1530,56079,707,0.4620915032679739,72,0.17467075056667108,0.25723762532647015,0.36633663366336633,0.04794367714384642
0.0005,0.01,2007,0,1537,75945,707,0.45998698763825635,72,0.2226732473206908,0.2640244642128316,0.40028288543140034,0.06433748780091086
0.0005,0.01,2008,0,1544,90283,668,0.4326424870466321,93,0.19636774355480663,0.270992615600539,0.3458083832335329,0.07579189318970178
0.0005,0.01,2009,0,1540,76203,718,0.4662337662337662,66,0.16645199835507177,0.234008233092211,0.3983286908077994,0.0643047011468064
0.0005,0.01,2010,0,1540,61001,765,0.4967532467532468,80,0.14257251484471786,0.23717807331716884,0.3712418300653595,0.051476333932474284
0.0005,0.01,2011,0,1542,56112,746,0.48378728923476005,66,0.17259521738817932,0.2437567326062447,0.3445040214477212,0.04722791052351169
0.0005,0.01,2012,0,1547,57794,747,0.48287007110536523,58,0.12960543647145473,0.22424193809485515,0.35341365461847385,0.0483295716535196
0.0005,0.01,2013,0,1550,57209,872,0.5625806451612904,69,0.059175364026597094,0.19646860872505642,0.3807339449541285,0.04765530310918595
0.0005,0.01,2014,0,1546,57841,883,0.5711513583441138,70,0.06719217534170678,0.19071662744348386,0.32276330690826727,0.04843148829634467
0.0005,0.01,2015,0,1554,58125,859,0.5527670527670527,65,0.06429627541568356,0.20901460341181635,0.29103608847497087,0.04816931732578867
0.0005,0.01,2016,0,1559,68853,806,0.5169980756895446,65,0.11793373519940399,0.23056892146617816,0.3076923076923077,0.056694286601216504
0.0005,0.01,2017,0,1555,88239,721,0.46366559485530545,67,0.19152971774061678,0.2364370094839397,0.30374479889042993,0.07303132254900743
0.0005,0.01,2018,0,1554,86726,719,0.4626769626769627,77,0.25494959967966635,0.2561566813822045,0.36717663421418634,0.07187152196810923
0.0005,0.01,2019,0,1558,107216,723,0.46405648267008986,69,0.24977187031903722,0.25200120227775535,0.322268326417704,0.08839618666950284
0.0005,0.01,2020,0,1559,97055,723,0.463758819756254,92,0.20789931302835693,0.25004889393342405,0.35131396957123096,0.07991611093316295
0.0005,0.01,2021,0,1545,106955,670,0.4336569579288026,75,0.24327467141902434,0.25393466932011444,0.29402985074626864,0.08967168033267937
0.0005,0.01,2022,0,1541,108062,663,0.43024010382868266,80,0.22944065664321187,0.25380984531836936,0.31070889894419307,0.09107090184312767
0.0005,0.01,2023,0,1546,126610,668,0.4320827943078913,77,0.22877747499013945,0.2509216837388581,0.3203592814371258,0.1060132212997735
0.0005,0.05,1990,0,1013,18699,417,0.4116485686080948,116,0.11230727648097352,0.3578107229774061,,0.03648030153459571
0.0005,0.05,1991,0,697,5624,329,0.4720229555236729,91,0.08469064402583125,0.3542681614283649,0.5531914893617021,0.023186398192582332
0.0005,0.05,1992,0,1052,19548,407,0.38688212927756654,111,0.08506540938973371,0.33782935102921907,0.6412776412776413,0.0353601313975826
0.0005,0.05,1993,0,1082,18974,418,0.38632162661737524,105,0.11436322428515831,0.35564609912431344,0.5526315789473684,0.03244411537889371
0.0005,0.05,1994,0,1150,23716,412,0.3582608695652174,116,0.10017438024318975,0.3097326100744785,0.5436893203883495,0.03589662088016044
0.0005,0.05,1995,0,1136,20323,447,0.39348591549295775,107,0.09703767097578188,0.30586100589002096,0.5503355704697986,0.03152416702860334
0.0005,0.05,1996,0,1142,17380,464,0.4063047285464098,104,0.14160040130796667,0.3286915095042981,0.5387931034482758,0.026676449054582347
0.0005,0.05,1997,0,1193,19346,481,0.40318524727577537,91,0.10222552634195048,0.25953936417523044,0.5239085239085239,0.027208492492560066
0.0005,0.05,1998,0,1550,73180,562,0.36258064516129035,141,0.1434442319626144,0.31920671302438247,0.6103202846975089,0.06095920364855578
0.0005,0.05,1999,0,1557,81003,525,0.3371868978805395,139,0.18407981859410427,0.35059048812569593,0.42666666666666664,0.0668702418631836
0.0005,0.05,2000,0,1582,87000,580,0.3666245259165613,144,0.1443103448275862,0.35439257827039017,0.43965517241379315,0.06956822123653915
0.0005,0.05,2001,0,1586,84788,562,0.35435056746532156,144,0.1602310001139803,0.3495716588602062,0.41103202846975084,0.06745776331544548
0.0005,0.05,2002,0,1585,83134,573,0.3615141955835962,114,0.15375126778322964,0.31097076933671125,0.42233856893542754,0.06622534493196953
0.0005,0.05,2003,0,1586,79165,582,0.3669609079445145,119,0.17099467412997016,0.33414198769771497,0.40893470790378006,0.0629840759643728
0.0005,0.05,2004,0,1604,93539,582,0.3628428927680798,128,0.17604303208511948,0.33228884856748314,0.38144329896907214,0.07275868345356198
0.0005,0.05,2005,0,1614,95300,570,0.35315985130111527,102,0.20156355801785167,0.3290828346462079,0.3631578947368421,0.07321245979268505
0.0005,0.05,2006,0,1625,94606,651,0.4006153846153846,127,0.1670005497863384,0.3192099424205109,0.42089093701996927,0.07169837059492232
0.0005,0.05,2007,0,1630,123606,596,0.3656441717791411,118,0.19005900635106526,0.314732994576467,0.40436241610738255,0.0931023963664712
0.0005,0.05,2008,0,1637,142620,580,0.354306658521686,127,0.19230677764565993,0.31990469188393583,0.3655172413793103,0.10650707284032303
0.0005,0.05,2009,0,1634,124871,601,0.3678090575275398,120,0.1984296831957829,0.31547261910881996,0.3826955074875208,0.09359515081013461
0.0005,0.05,2010,0,1638,106068,564,0.3443223443223443,103,0.20174412755897586,0.3198336368026189,0.3634751773049646,0.07911371869832469
0.0005,0.05,2011,0,1641,100146,570,0.3473491773308958,111,0.1833302554632194,0.3179681191321223,0.37017543859649127,0.07442368573594328
0.0005,0.05,2012,0,1642,103277,570,0.3471376370280146,118,0.1897999384425978,0.3145557010159281,0.38245614035087716,0.07665701003740182
0.0005,0.05,2013,0,1646,103142,553,0.3359659781287971,114,0.18595593981864494,0.31486450117996134,0.3924050632911392,0.0761850594791832
0.0005,0.05,2014,0,1643,103797,549,0.33414485696895924,99,0.2086555784486448,0.3151121662447195,0.38615664845173037,0.07694919501253981
0.0005,0.05,2015,0,1651,105763,529,0.32041187159297396,97,0.19578617857997935,0.3178945893525799,0.3724007561436673,0.0776484407980471
0.0005,0.05,2016,0,1657,121166,545,0.32890766445383224,125,0.188566618971467,0.31538731918401003,0.4036697247706422,0.08831366855296954
0.0005,0.05,2017,0,1653,149310,545,0.3297035692679976,122,0.22065819375473447,0.3141598634627978,0.3963302752293578,0.10935433264634409
0.0005,0.05,2018,0,1652,144648,549,0.33232445520581116,125,0.23260374053171687,0.30950177941220963,0.4025500910746812,0.10606822778182715
0.0005,0.05,2019,0,1655,172910,576,0.34803625377643505,144,0.20715784143518523,0.3115615030730359,0.3819444444444444,0.12633294001176312
0.0005,0.05,2020,0,1658,161811,483,0.2913148371531966,138,0.1976646991499813,0.3273297251102964,0.3685300207039337,0.11779612463991998
0.0005,0.05,2021,0,1646,174816,506,0.30741190765492105,130,0.2304207220859567,0.32373212652914074,0.3952569169960475,0.12912651837188432
0.0005,0.05,2022,0,1639,175092,520,0.3172666259914582,134,0.22196005917159767,0.31800488857234654,0.4,0.13043779486732507
0.0005,0.05,2023,0,1644,196507,524,0.31873479318734793,119,0.2376755433832527,0.3173879259381702,0.3912213740458015,0.14550189330833604
0.0005,0.1,1990,0,1023,19946,405,0.39589442815249265,110,0.10690443529949703,0.3617871013102657,,0.03815568729399927
0.0005,0.1,1991,0,708,6074,333,0.4703389830508475,90,0.09428347266185101,0.35069680729387703,0.5945945945945945,0.024269012857702235
0.0005,0.1,1992,0,1059,20879,388,0.3663833805476865,114,0.10519183760229568,0.3697870182546525,0.6649484536082475,0.03726988581088197
0.0005,0.1,1993,0,1091,20425,426,0.3904674610449129,130,0.10444356278516168,0.35976663592069236,0.5821596244131455,0.034351112942423
0.0005,0.1,1994,0,1158,25363,395,0.34110535405872194,121,0.12890882871334727,0.36117285504045815,0.5316455696202531,0.03786070520657468
0.0005,0.1,1995,0,1143,21749,379,0.331583552055993,79,0.144283317437222,0.35238394612562357,0.5118733509234829,0.033323986865914965
0.0005,0.1,1996,0,1150,18743,433,0.3765217391304348,82,0.16127346137640078,0.33282812901002856,0.5912240184757506,0.028369470617171832
0.0005,0.1,1997,0,1200,20854,448,0.37333333333333335,103,0.1429767219387755,0.3318305287230563,0.5691964285714286,0.02898804559355018
0.0005,0.1,1998,0,1555,76940,517,0.33247588424437297,137,0.1417903467782064,0.3314438330901067,0.5996131528046422,0.0636796649658386
0.0005,0.1,1999,0,1563,84894,488,0.3122200895713372,134,0.1739871674281107,0.360055178362566,0.39959016393442626,0.0695451719214256
0.0005,0.1,2000,0,1588,91095,501,0.3154911838790932,140,0.1496288859406935,0.3635240836660253,0.437125748502994,0.07229314375776738
0.0005,0.1,2001,0,1592,88855,560,0.35175879396984927,159,0.12686224489795916,0.3359103424756573,0.4535714285714286,0.07016146098184195
0.0005,0.1,2002,0,1590,87154,551,0.34654088050314463,135,0.13151142453417478,0.3222011478201414,0.3883847549909256,0.06899161293642218
0.0005,0.1,2003,0,1592,83003,575,0.3611809045226131,135,0.15129829867674857,0.3411802703876443,0.42434782608695654,0.06554061950228832
0.0005,0.1,2004,0,1610,97745,557,0.34596273291925467,124,0.17371530609284797,0.33965696035831683,0.3680430879712747,0.07546448741357813
0.0005,0.1,2005,0,1619,99640,567,0.3502161828289067,138,0.1748022482884329,0.3378602593110477,0.38095238095238093,0.07607436719854081
0.0005,0.1,2006,0,1630,98957,582,0.3570552147239264,121,0.1783103647807655,0.32329028722347064,0.3883161512027491,0.07453629951003099
0.0005,0.1,2007,0,1635,128270,559,0.3418960244648318,123,0.18279191374835596,0.32177546130510715,0.407871198568873,0.09602521344966855
0.0005,0.1,2008,0,1642,147456,548,0.3337393422655298,113,0.1986653524428579,0.32468373537516765,0.39963503649635035,0.10944872597069165
0.0005,0.1,2009,0,1639,129489,549,0.3349603416717511,126,0.21048702559049243,0.32027349029971053,0.395264116575592,0.09646505619659983
0.0005,0.1,2010,0,1643,110610,560,0.3408399269628728,112,0.18671556122448982,0.3260642905089361,0.40714285714285714,0.08199996589821507
0.0005,0.1,2011,0,1646,104616,530,0.3219927095990279,115,0.18025631897472402,0.3244857588562389,0.3566037735849057,0.07727381844907245
0.0005,0.1,2012,0,1647,107897,542,0.32908318154219796,112,0.17900083059871189,0.3042246586724461,0.3948339483394834,0.07960052556988995
0.0005,0.1,2013,0,1651,107836,497,0.3010296789824349,100,0.20340554392754923,0.32318497508038885,0.386317907444668,0.07917038342235193
0.0005,0.1,2014,0,1649,108536,556,0.33717404487568226,122,0.1692717768231458,0.29896316143431145,0.460431654676259,0.07987777234805443
0.0005,0.1,2015,0,1656,110582,507,0.3061594202898551,107,0.17612595263938,0.29957681665876434,0.3431952662721893,0.0806967613876848
0.0005,0.1,2016,0,1662,126159,486,0.2924187725631769,115,0.20162068790326676,0.32452864221568084,0.40740740740740744,0.0914002916776245
0.0005,0.1,2017,0,1658,154646,507,0.3057901085645356,125,0.2113954926881645,0.3222321332419748,0.4339250493096647,0.1125801057472302
0.0005,0.1,2018,0,1657,149897,487,0.2939046469523235,111,0.2238193018480493,0.3178061289463538,0.4004106776180698,0.10925469170464054
0.0005,0.1,2019,0,1660,178648,516,0.3108433734939759,148,0.21736223784628322,0.31874143701367585,0.4108527131782945,0.1297399362368098
0.0005,0.1,2020,0,1663,167212,411,0.24714371617558628,122,0.23303792897271514,0.3332800739665405,0.34063260340632606,0.1209968790544975
0.0005,0.1,2021,0,1651,180406,470,0.28467595396729256,137,0.22638297872340427,0.3293278297691701,0.47021276595744677,0.13244938788245875
0.0005,0.1,2022,0,1644,180593,453,0.2755474452554745,132,0.24078378628617644,0.3236708683376431,0.3818984547461368,0.13371851088374628
0.0005,0.1,2023,0,1649,201919,499,0.3026076409945421,123,0.25064557973662765,0.3229667907097375,0.4408817635270541,0.14860359617773644
0.0005,1.0,1990,0,1031,21407,340,0.3297769156159069,107,0.10401384083044984,0.37371203255070773,,0.04031715838143757
0.0005,1.0,1991,0,719,6874,290,0.40333796940194716,80,0.09638525564803804,0.36286581951704133,0.6379310344827587,0.026630921157131733
0.0005,1.0,1992,0,1063,22388,341,0.32079021636876764,114,0.09868336185619321,0.3813170214017177,0.6920821114369502,0.03966317833371423
0.0005,1.0,1993,0,1099,21900,378,0.34394904458598724,123,0.10065507684555303,0.3726090258804731,0.6216931216931216,0.03629727969291507
0.0005,1.0,1994,0,1162,26997,354,0.3046471600688468,115,0.12137316862970413,0.3740899250942159,0.57909604519774,0.04002277103986266
0.0005,1.0,1995,0,1148,23309,365,0.31794425087108014,111,0.11735785325577035,0.36462877723010906,0.547945205479452,0.03540367387731668
0.0005,1.0,1996,0,1154,20314,388,0.3362218370883882,103,0.12741789775746623,0.3494692921617865,0.5618556701030928,0.03053446588734685
0.0005,1.0,1997,0,1209,22396,398,0.3291976840363937,117,0.13516072826443787,0.34388127716988914,0.6005025125628141,0.03066953697160918
0.0005,1.0,1998,0,1560,79736,464,0.29743589743589743,154,0.12473060344827588,0.37859531847984856,0.6206896551724138,0.06557128994588905
0.0005,1.0,1999,0,1568,87889,451,0.28762755102040816,149,0.1255991858447107,0.3794044297547799,0.4390243902439024,0.07154008699842412
0.0005,1.0,2000,0,1591,94164,429,0.26964173475801384,130,0.12529273368434207,0.37920424395379076,0.4195804195804196,0.07444706663662345
0.0005,1.0,2001,0,1596,92043,437,0.27380952380952384,144,0.13362901832234544,0.37497754312746057,0.45537757437070936,0.07231479953803002
0.0005,1.0,2002,0,1593,90209,463,0.290646578782172,139,0.14705017983010607,0.36282850334770766,0.44708423326133906,0.07114117353875467
0.0005,1.0,2003,0,1595,86056,473,0.296551724137931,116,0.1524835850515578,0.3608479710471045,0.4439746300211417,0.06769586576621578
0.0005,1.0,2004,0,1613,100969,475,0.2944823310601364,132,0.16595235457063715,0.35914827590306675,0.3894736842105263,0.07766380171035892
0.0005,1.0,2005,0,1622,102856,479,0.29531442663378543,122,0.1639506452639241,0.3563393293082179,0.40501043841336115,0.0782394451370765
0.0005,1.0,2006,0,1633,102159,501,0.30679730557256585,125,0.15236991087684912,0.34896515240325665,0.4271457085828343,0.07666555599582148
0.0005,1.0,2007,0,1638,131813,446,0.27228327228327226,119,0.18085020812805422,0.33856685027682815,0.39910313901345296,0.0983163310591533
0.0005,1.0,2008,0,1646,151184,474,0.28797083839611176,121,0.1864195552707008,0.3376294302249765,0.47468354430379744,0.1116709200161024
0.0005,1.0,2009,0,1642,133103,464,0.28258221680876977,113,0.21383583531510109,0.3345234986232608,0.4267241379310345,0.09879525941892477
0.0005,1.0,2010,0,1646,113889,458,0.2782503037667072,115,0.19296924162392007,0.34042972144511974,0.4432314410480349,0.0841232498790473
0.0005,1.0,2011,0,1649,107896,422,0.25591267434808973,114,0.17743312144830536,0.34046445134555575,0.4052132701421801,0.0794067602018287
0.0005,1.0,2012,0,1651,111249,389,0.23561477892186553,116,0.20755215733440813,0.3376204232728658,0.4010282776349614,0.08167611915643412
0.0005,1.0,2013,0,1655,111155,414,0.2501510574018127,121,0.1875189619361012,0.3384376945677417,0.4227053140096618,0.08121298910998513
0.0005,1.0,2014,0,1653,111969,424,0.25650332728372655,123,0.18869037023851898,0.3381594619271852,0.4386792452830188,0.08200586211290939
0.0005,1.0,2015,0,1659,114265,423,0.2549728752260398,113,0.19446260807359345,0.34120870964620975,0.4349881796690307,0.08308302631186691
0.0005,1.0,2016,0,1665,130331,401,0.24084084084084084,119,0.20340047636519662,0.34312485376916885,0.43391521197007477,0.09408278470778471
0.0005,1.0,2017,0,1661,159202,374,0.2251655629139073,125,0.21265978438045122,0.3441603673060171,0.39839572192513373,0.11547840972559716
0.0005,1.0,2018,0,1660,154524,315,0.1897590361445783,98,0.2508944318468128,0.34371579433543586,0.4285714285714286,0.11222030981067126
0.0005,1.0,2019,0,1663,183385,334,0.20084185207456404,97,0.23688551041629322,0.34495525343224226,0.44311377245508987,0.13269988197862012
0.0005,1.0,2020,0,1667,171878,1064,0.6382723455308938,169,0.3283961784159647,0.32396086577468874,0.7734962406015038,0.12377692528721146
0.0005,1.0,2021,0,1654,185083,329,0.1989117291414752,111,0.2324165519535111,0.3516797477281341,0.2857142857142857,0.13539049224194624
0.0005,1.0,2022,0,1648,185248,341,0.20691747572815533,110,0.21579621778278468,0.34668313091932895,0.39002932551319647,0.1365000206318048
0.0005,1.0,2023,0,1653,206614,344,0.20810647307924984,102,0.266799621416982,0.3471578750919077,0.4418604651162791,0.1513236627512674
0.001,0.005,1990,0,486,3667,173,0.3559670781893004,54,0.08870994687426913,0.3223607613643568,,0.031114505112214162
0.001,0.005,1991,0,318,1115,150,0.4716981132075472,54,0.08426666666666667,0.38020954036949683,0.5733333333333333,0.02212169910521199
0.001,0.005,1992,0,505,3668,190,0.37623762376237624,58,0.08221606648199446,0.3259778603776979,0.7,0.028822882288228824
0.001,0.005,1993,0,527,3639,252,0.4781783681214421,75,0.10966238347190725,0.2997649664696668,0.6150793650793651,0.026255221823796367
0.001,0.005,1994,0,558,4614,213,0.3817204301075269,58,0.128523881945822,0.349008745386484,0.5258215962441315,0.02969054651454605
0.001,0.005,1995,0,552,3743,338,0.6123188405797102,71,0.14834914743881517,0.29363623768936675,0.6449704142011834,0.024612693653173413
0.001,0.005,1996,0,543,2861,285,0.5248618784530387,58,0.08956602031394273,0.2816428367605399,0.4526315789473684,0.019442349119623795
0.001,0.005,1997,0,568,3066,343,0.6038732394366197,67,0.0454997492541373,0.2493676127058521,0.5860058309037901,0.01904016692749087
0.001,0.005,1998,0,732,12268,402,0.5491803278688525,71,0.1241553426895374,0.2528601757898589,0.5124378109452736,0.045853797104049396
0.001,0.005,1999,0,733,13734,415,0.5661664392905866,62,0.14857889388880827,0.24602294437182787,0.3903614457831325,0.05119316529868271
0.001,0.005,2000,0,739,15307,411,0.5561569688768606,62,0.15754701902072574,0.24951073536510304,0.3844282238442822,0.05613313237327231
0.001,0.005,2001,0,747,14682,401,0.536813922356091,62,0.20215670300557825,0.2423840482450316,0.35411471321695764,0.05269334711500156
0.001,0.005,2002,0,740,14175,417,0.5635135135135135,53,0.14234942980867102,0.22975091992681038,0.37410071942446044,0.051841421936144536
0.001,0.005,2003,0,738,13413,417,0.5650406504065041,51,0.14812322803627603,0.22595483213600828,0.354916067146283,0.049321022382544044
0.001,0.005,2004,0,746,16369,464,0.6219839142091153,62,0.04714439655172414,0.17821877303667116,0.3987068965517241,0.05890566241430808
0.001,0.005,2005,0,750,16727,489,0.652,58,0.09062775749515936,0.20845633056828008,0.3415132924335378,0.05955318202047174
0.001,0.005,2006,0,757,16668,453,0.5984147952443857,53,0.1600173481669907,0.21671876199904852,0.29139072847682124,0.058249984273762344
0.001,0.005,2007,0,761,23125,455,0.5978975032851511,49,0.1966284265185364,0.2139939475251091,0.3538461538461538,0.07996749429421121
0.001,0.005,2008,0,763,28648,374,0.49017038007863695,52,0.17145185735937543,0.2259241411314777,0.2727272727272727,0.09854731461319628
0.001,0.005,2009,0,761,23671,461,0.6057818659658344,50,0.11782835578601646,0.19270559545738875,0.41865509761388287,0.08185559167300643
0.001,0.005,2010,0,760,18330,510,0.6710526315789473,59,0.04251441753171858,0.1770848814471372,0.34901960784313724,0.06355315165383815
0.001,0.005,2011,0,759,17094,497,0.6548089591567853,78,0.03233485419559611,0.17073179973066624,0.2997987927565392,0.05942411380061948
0.001,0.005,2012,0,762,17839,535,0.7020997375328084,64,0.034766355140186916,0.1836987652871777,0.2990654205607477,0.06152631052524479
0.001,0.005,2013,0,765,17760,530,0.6928104575163399,65,0.03653969384122464,0.18511540532523232,0.2754716981132076,0.0607740478390309
0.001,0.005,2014,0,764,18205,515,0.6740837696335078,64,0.03696107078895278,0.1838990465504246,0.2834951456310679,0.062460115416549444
0.001,0.005,2015,0,766,18702,526,0.6866840731070496,68,0.03747343463112087,0.1908455854703885,0.279467680608365,0.063830440792505
0.001,0.005,2016,0,766,22075,489,0.6383812010443864,51,0.07989678865511604,0.2059181116653517,0.2638036809815951,0.07534258263792898
0.001,0.005,2017,0,765,28971,509,0.665359477124183,51,0.05101493355359906,0.19011791531873964,0.3163064833005894,0.09913766553741915
0.001,0.005,2018,0,761,28523,478,0.6281208935611038,57,0.06783844820643896,0.18352622256856224,0.2845188284518828,0.0986340687461097
0.001,0.005,2019,0,765,35414,463,0.6052287581699346,50,0.16631602517155,0.20248470647249572,0.28293736501079914,0.12118536768983335
0.001,0.005,2020,0,766,31079,505,0.6592689295039165,59,0.06987158121752769,0.18033926956375054,0.32079207920792074,0.10607348248263622
0.001,0.005,2021,0,761,35310,453,0.59526938239159,51,0.08961107943608713,0.19845870583816283,0.26931567328918327,0.12210387993637181
0.001,0.005,2022,0,759,34918,473,0.6231884057971014,57,0.0819607650326958,0.19330098283673727,0.306553911205074,0.12138593691880373
0.001,0.005,2023,0,759,41575,477,0.6284584980237155,55,0.06614101938653974,0.1862224769400721,0.2851153039832285,0.14452776010651427
0.001,0.01,1990,0,592,6869,227,0.38344594594594594,67,0.13819402666459665,0.35327145522993975,,0.039265788631270865
0.001,0.01,1991,0,412,2043,196,0.47572815533980584,57,0.0893898375676801,0.3626857755329518,0.5612244897959184,0.02413011126071859
0.001,0.01,1992,0,624,6849,240,0.38461538461538464,70,0.1198263888888889,0.31334116249577054,0.675,0.03523583158414619
0.001,0.01,1993,0,647,6765,337,0.5208655332302936,68,0.11340242495751482,0.27236950089005,0.599406528189911,0.03237136390389557
0.001,0.01,1994,0,678,8616,283,0.4174041297935103,72,0.10057560963428186,0.27684686363855987,0.42756183745583043,0.03754199291512529
0.001,0.01,1995,0,672,7370,303,0.45089285714285715,67,0.15206570161966698,0.3258316973376244,0.5247524752475248,0.03268930523028884
0.001,0.01,1996,0,675,5661,335,0.4962962962962963,59,0.07840498997549565,0.22147941421157757,0.5223880597014925,0.024886251236399603
0.001,0.01,1997,0,700,6302,378,0.54,69,0.07074270037232999,0.2494752859300139,0.5264550264550265,0.025759247905170653
0.001,0.01,1998,0,859,27662,427,0.4970896391152503,77,0.1415408410071903,0.272055873678155,0.49882903981264637,0.0750642450293207
0.001,0.01,1999,0,857,31045,428,0.49941656942823803,65,0.17227487116778756,0.26895528448118255,0.3247663551401869,0.08463832757172925
0.001,0.01,2000,0,863,33148,446,0.5168018539976825,63,0.1546984656840074,0.26717862668587666,0.36098654708520184,0.0891187865133498
0.001,0.01,2001,0,871,32241,434,0.49827784156142363,70,0.2145086962984986,0.28633429491658313,0.3248847926267281,0.08509442179025298
0.001,0.01,2002,0,866,31456,419,0.4838337182448037,59,0.2324491202488024,0.2728117624071684,0.3770883054892601,0.08398456794243682
0.001,0.01,2003,0,863,30275,393,0.45538818076477405,61,0.23590311364916575,0.2773755879908735,0.3282442748091603,0.08139469234016125
0.001,0.01,2004,0,871,35987,420,0.48220436280137774,56,0.215124716553288,0.2636995153237789,0.3642857142857143,0.0949813267878116
0.001,0.01,2005,0,875,37041,451,0.5154285714285715,59,0.1287358469230731,0.22845169930482087,0.34589800443458985,0.09687087283425956
0.001,0.01,2006,0,881,36351,495,0.5618615209988649,55,0.14459340883583305,0.2292977920023379,0.33333333333333337,0.09377515220307502
0.001,0.01,2007,0,885,47020,489,0.5525423728813559,54,0.1710305661150631,0.2225443855667017,0.32515337423312884,0.12020349208783905
0.001,0.01,2008,0,887,55376,435,0.4904171364148816,59,0.21485004624124715,0.24018124119700893,0.24597701149425288,0.1409270093983575
0.001,0.01,2009,0,885,47342,475,0.536723163841808,48,0.1580808864265928,0.20746201974323886,0.33684210526315794,0.12102666359894675
0.001,0.01,2010,0,884,38667,487,0.5509049773755657,57,0.15365836175891454,0.22436118446321202,0.3388090349075975,0.0990734999461933
0.001,0.01,2011,0,887,35905,495,0.5580608793686584,47,0.13297826752372208,0.2078133613829127,0.30707070707070705,0.09137504103669508
0.001,0.01,2012,0,886,36927,486,0.5485327313769752,50,0.1328557638571356,0.20943207948274314,0.2901234567901234,0.09418831541492903
0.001,0.01,2013,0,890,36211,563,0.6325842696629214,50,0.05728320435121416,0.1904305231570316,0.3321492007104796,0.09153322126868974
0.001,0.01,2014,0,889,36958,539,0.6062992125984252,48,0.1066738721125151,0.20614243148646347,0.2857142857142857,0.09363187709644402
0.001,0.01,2015,0,892,37437,551,0.6177130044843049,51,0.08362620676479986,0.21246350018868285,0.30127041742286753,0.09420815026196191
0.001,0.01,2016,0,894,44417,509,0.569351230425056,48,0.1008989466614688,0.20168189266612432,0.2612966601178782,0.11127311352778634
0.001,0.01,2017,0,892,55921,500,0.5605381165919282,49,0.116528,0.2009577685395089,0.278,0.14072211904797854
0.001,0.01,2018,0,889,54563,462,0.5196850393700787,43,0.20093326586833082,0.21625853666098085,0.2640692640692641,0.13823356539891973
0.001,0.01,2019,0,891,66622,451,0.5061728395061729,41,0.21262923977758222,0.2150295914512963,0.270509977827051,0.1680273395629201
0.001,0.01,2020,0,893,59405,454,0.5083986562150056,44,0.2145587921364669,0.20501728460595733,0.31718061674008813,0.14915461059862709
0.001,0.01,2021,0,886,66000,505,0.5699774266365688,58,0.12443093814331929,0.18779196088928693,0.3267326732673267,0.1683437272831618
0.001,0.01,2022,0,883,65505,443,0.5016987542468856,55,0.22796039725043188,0.22342430298719493,0.2528216704288939,0.16821904299658708
0.001,0.01,2023,0,882,74705,448,0.5079365079365079,55,0.2307876275510204,0.22415153417143455,0.2767857142857143,0.19228046875201082
0.001,0.05,1990,0,676,12696,270,0.3994082840236686,69,0.13511659807956103,0.3577754077611486,,0.055647600262984875
0.001,0.05,1991,0,486,3802,226,0.46502057613168724,67,0.10505912757459465,0.35581907052469475,0.588495575221239,0.032259980484493654
0.001,0.05,1992,0,705,13375,248,0.3517730496453901,81,0.10854578563995838,0.33248554327479835,0.6370967741935484,0.05389667956157318
0.001,0.05,1993,0,732,13225,276,0.3770491803278688,63,0.11082230623818524,0.2931307059831182,0.5471014492753623,0.04943075209496685
0.001,0.05,1994,0,770,16432,301,0.39090909090909093,71,0.12056158320548337,0.29646620891715103,0.5514950166112957,0.05550132572239204
0.001,0.05,1995,0,765,14276,295,0.38562091503267976,65,0.11101407641482333,0.2920956424776333,0.4915254237288136,0.04885193169763542
0.001,0.05,1996,0,771,12235,294,0.38132295719844356,72,0.18085057152112544,0.32461921439889413,0.5374149659863945,0.041218185187056784
0.001,0.05,1997,0,791,13844,319,0.40328697850821743,69,0.17514568449602497,0.32227644399765915,0.5297805642633229,0.04430859831330314
0.001,0.05,1998,0,951,51495,368,0.38696109358569925,103,0.164594163516068,0.304750334723033,0.5461956521739131,0.113996347335215
0.001,0.05,1999,0,947,56934,351,0.3706441393875396,85,0.166354169203172,0.3099709635757194,0.3418803418803419,0.12710439777555024
0.001,0.05,2000,0,957,61165,341,0.3563218390804598,81,0.14992131130623232,0.31755087765665285,0.42228739002932547,0.1337097712079677
0.001,0.05,2001,0,962,60176,352,0.3659043659043659,94,0.17169744318181812,0.3076657648932842,0.3977272727272727,0.13018317284706463
0.001,0.05,2002,0,955,58850,365,0.38219895287958117,80,0.1888759617188966,0.29311715764437596,0.3945205479452055,0.12918875607801816
0.001,0.05,2003,0,955,56292,367,0.3842931937172775,74,0.19564329677998946,0.28790941105164886,0.3514986376021798,0.12357338075010701
0.001,0.05,2004,0,965,65657,386,0.4,77,0.19248838895003895,0.2848366296812483,0.34974093264248707,0.14115838582761808
0.001,0.05,2005,0,971,67090,363,0.37384140061791965,78,0.22168340049632315,0.28776803000248974,0.33884297520661155,0.14246127384883264
0.001,0.05,2006,0,974,66334,405,0.41581108829568786,78,0.17540618808108518,0.28396643403452987,0.36790123456790125,0.1399891527083408
0.001,0.05,2007,0,978,83071,363,0.37116564417177916,73,0.22726893275353083,0.29147536888564063,0.3360881542699724,0.17387855230631727
0.001,0.05,2008,0,980,94577,355,0.3622448979591837,81,0.22086887522316997,0.29900422612589916,0.3352112676056338,0.19715453086239604
0.001,0.05,2009,0,979,84193,363,0.3707865168539326,78,0.2369373676661431,0.29276786248757114,0.3608815426997245,0.175867031798651
0.001,0.05,2010,0,982,73555,343,0.34928716904276985,69,0.2406225297282595,0.2908484269299463,0.3731778425655977,0.15270796871723646
0.001,0.05,2011,0,985,70098,322,0.3269035532994924,72,0.2556035646772887,0.29621306807432696,0.3571428571428571,0.14464528909248484
0.001,0.05,2012,0,981,72458,328,0.3343527013251784,64,0.2282309637120762,0.2869938763191666,0.3567073170731707,0.1507374815369573
0.001,0.05,2013,0,987,71808,358,0.36271529888551163,69,0.2079835211135732,0.2901976661740454,0.35754189944134074,0.14757362959857456
0.001,0.05,2014,0,984,72744,358,0.3638211382113821,74,0.18677631784276394,0.27561322600185845,0.3854748603351955,0.1504106394064958
0.001,0.05,2015,0,989,74647,341,0.3447927199191102,75,0.21436864148055138,0.2926053981659422,0.3548387096774194,0.15278795495388545
0.001,0.05,2016,0,992,84969,312,0.31451612903225806,76,0.24644559500328736,0.29028189607389265,0.3589743589743589,0.1728642459555353
0.001,0.05,2017,0,989,102228,323,0.32659251769464104,83,0.24494627572391184,0.2856252090001749,0.3653250773993808,0.20924092139035463
0.001,0.05,2018,0,986,98610,296,0.3002028397565923,76,0.2689463111760409,0.2828584609333027,0.31081081081081086,0.2030662781478774
0.001,0.05,2019,0,988,115525,306,0.3097165991902834,78,0.2560553633217992,0.28453157192095174,0.36601307189542487,0.23693644914249617
0.001,0.05,2020,0,991,107314,278,0.2805247225025227,77,0.2610372133947519,0.3058509145955668,0.3776978417266187,0.2187648431846212
0.001,0.05,2021,0,985,116035,269,0.2730964467005076,73,0.2880142618261219,0.29992659857050774,0.3234200743494424,0.23943502125376584
0.001,0.05,2022,0,981,114806,306,0.3119266055045872,91,0.2511640821906105,0.2963130339306083,0.369281045751634,0.23883584014645615
0.001,0.05,2023,0,980,125684,310,0.3163265306122449,90,0.26343392299687807,0.2936462194000234,0.36451612903225805,0.2619999583081445
0.001,0.1,1990,0,683,13673,246,0.3601756954612006,72,0.13963249388591448,0.36035759277967006,,0.05870684362159354
0.001,0.1,1991,0,494,4167,230,0.46558704453441296,63,0.10907372400756148,0.3501569431734374,0.6130434782608696,0.034219970272068065
0.001,0.1,1992,0,712,14419,248,0.34831460674157305,78,0.11683792924037456,0.33461848146914264,0.6209677419354839,0.056965976074211035
0.001,0.1,1993,0,739,14372,266,0.35994587280108253,76,0.1501215444626604,0.3553678574902998,0.5413533834586466,0.05270434301095379
0.001,0.1,1994,0,777,17739,249,0.3204633204633205,68,0.16327156013612681,0.35548568701450023,0.5060240963855422,0.058840504716793376
0.001,0.1,1995,0,771,15400,296,0.383916990920882,67,0.14239408327246164,0.344987826739267,0.5506756756756757,0.05188067444876784
0.001,0.1,1996,0,778,13336,264,0.3393316195372751,66,0.1735537190082644,0.3312011642513341,0.4772727272727273,0.04412197728393101
0.001,0.1,1997,0,797,15056,313,0.39272271016311167,86,0.16140820055323618,0.32861233951830665,0.584664536741214,0.047464423749866015
0.001,0.1,1998,0,956,54248,316,0.3305439330543933,99,0.17725524755648128,0.31775830615610046,0.5696202531645569,0.11883721439681044
0.001,0.1,1999,0,952,59739,320,0.33613445378151263,95,0.1643749999999999,0.32352100446554044,0.40312499999999996,0.13196856029478038
0.001,0.1,2000,0,963,64089,315,0.32710280373831774,94,0.16011085915847822,0.3318017155006942,0.3650793650793651,0.13836050284648416
0.001,0.1,2001,0,967,63141,323,0.3340227507755946,97,0.19786444804416797,0.33951554993857774,0.4148606811145511,0.13518790907397535
0.001,0.1,2002,0,960,61816,329,0.34270833333333334,87,0.18182574070823443,0.30557766465465613,0.43768996960486317,0.13428919012860618
0.001,0.1,2003,0,960,59097,330,0.34375,80,0.19392102846648304,0.302130477411,0.3909090909090909,0.12838242961418145
0.001,0.1,2004,0,971,68721,334,0.34397528321318227,90,0.2426404675678584,0.3172216737573553,0.3413173652694611,0.14592459681272363
0.001,0.1,2005,0,976,70206,351,0.35963114754098363,87,0.2265322521732777,0.3162942995382222,0.3589743589743589,0.14755359394703657
0.001,0.1,2006,0,979,69448,362,0.36976506639427986,80,0.1980556149079699,0.29754448133684785,0.36187845303867405,0.1450668538281415
0.001,0.1,2007,0,983,86406,326,0.3316378433367243,78,0.22821709511084337,0.29426681676189137,0.35582822085889576,0.1790230248232167
0.001,0.1,2008,0,985,98013,378,0.383756345177665,85,0.18980431678844376,0.29654067273764945,0.42328042328042326,0.20224712145598614
0.001,0.1,2009,0,984,87516,321,0.32621951219512196,78,0.24008889665278868,0.29901568556660646,0.3021806853582555,0.18095427139418901
0.001,0.1,2010,0,988,76868,305,0.30870445344129555,64,0.27288363343187316,0.2931081591786801,0.42622950819672134,0.1576527242820636
0.001,0.1,2011,0,990,73367,307,0.3101010101010101,71,0.22443739456121548,0.2906473165002818,0.3680781758957655,0.14986467301937473
0.001,0.1,2012,0,986,75834,313,0.3174442190669371,79,0.2070552930008472,0.2959509556825792,0.42172523961661346,0.15616396042050637
0.001,0.1,2013,0,992,75252,318,0.32056451612903225,74,0.21090937858470787,0.2813172270099802,0.4088050314465409,0.15309560235669412
0.001,0.1,2014,0,990,76209,301,0.30404040404040406,64,0.21694021037295397,0.281184222702349,0.33554817275747506,0.15566994515427277
0.001,0.1,2015,0,994,78180,314,0.3158953722334004,65,0.21658079435271213,0.277247963863154,0.3694267515923567,0.15841271192107326
0.001,0.1,2016,0,997,88611,301,0.30190571715145437,72,0.24972130550435426,0.29941148488511515,0.3754152823920266,0.17846914236685962
0.001,0.1,2017,0,994,106027,275,0.2766599597585513,66,0.2684165289256196,0.29546478067572135,0.3490909090909091,0.21483786910790018
0.001,0.1,2018,0,991,102356,270,0.272452068617558,72,0.267352537722908,0.2936574322795564,0.38148148148148153,0.20865771743672853
0.001,0.1,2019,0,993,119524,277,0.27895266868076535,72,0.2556139139047818,0.29395931576755524,0.31768953068592054,0.24267452814865348
0.001,0.1,2020,0,996,111092,252,0.25301204819277107,77,0.26432980599647277,0.3124839847692616,0.3650793650793651,0.22419729167927993
0.001,0.1,2021,0,990,119920,258,0.2606060606060606,77,0.2802115257496544,0.30659828500640196,0.3410852713178295,0.2449571549672662
0.001,0.1,2022,0,986,118664,249,0.2525354969574036,63,0.3041725133465591,0.3027021081793486,0.357429718875502,0.2443632170179467
0.001,0.1,2023,0,985,129466,287,0.2913705583756345,76,0.28004467700227015,0.29837059654831216,0.42160278745644597,0.26714951921092817
0.001,1.0,1990,0,689,14749,221,0.32075471698113206,79,0.12888761491369957,0.37313501559929196,,0.06222786647314949
0.001,1.0,1991,0,503,4755,182,0.36182902584493043,54,0.11707523245984784,0.3665206198022906,0.5769230769230769,0.03766247138681853
0.001,1.0,1992,0,716,15530,196,0.2737430167597765,85,0.127030403998334,0.37925852759153766,0.6581632653061225,0.06067117240301598
0.001,1.0,1993,0,743,15457,245,0.3297442799461642,72,0.1290628904623074,0.36919303046491486,0.5918367346938775,0.05607412217534364
0.001,1.0,1994,0,780,18949,210,0.2692307692307692,73,0.1630839002267574,0.3709841968165392,0.48571428571428577,0.062371218853888945
0.001,1.0,1995,0,775,16560,236,0.30451612903225805,58,0.148448721631715,0.35983314604758154,0.5466101694915254,0.055213803450862714
0.001,1.0,1996,0,782,14488,231,0.29539641943734013,71,0.15346414047712748,0.34894093607116733,0.5324675324675325,0.04744392886030435
0.001,1.0,1997,0,801,16209,258,0.32209737827715357,80,0.1666366203954089,0.3415804012952865,0.5852713178294573,0.05058988764044944
0.001,1.0,1998,0,959,56103,282,0.2940563086548488,104,0.17209898898445752,0.36481227210379097,0.624113475177305,0.12213270173131807
0.001,1.0,1999,0,956,61731,256,0.26778242677824265,96,0.19049072265625,0.3620105049212846,0.421875,0.13522968739731428
0.001,1.0,2000,0,966,66124,245,0.2536231884057971,86,0.17011245314452303,0.3655985428015096,0.44897959183673475,0.1418680741050644
0.001,1.0,2001,0,970,65259,247,0.25463917525773194,90,0.19054565719811836,0.3594136475751225,0.42105263157894735,0.13885927675465196
0.001,1.0,2002,0,963,63833,246,0.2554517133956386,84,0.17925837794963306,0.3317576688261989,0.4390243902439024,0.13780782939661446
0.001,1.0,2003,0,963,61101,268,0.2782969885773624,89,0.19614613499665856,0.3436780828966431,0.4104477611940298,0.13190976742378613
0.001,1.0,2004,0,975,70844,266,0.27282051282051284,87,0.2230199559047995,0.34036988055319567,0.3533834586466166,0.14920023166429738
0.001,1.0,2005,0,979,72302,276,0.2819203268641471,87,0.2173387943709305,0.33851526829553086,0.42028985507246375,0.15102844812640084
0.001,1.0,2006,0,982,71551,306,0.31160896130346233,72,0.18858131487889274,0.3267121208026301,0.42156862745098034,0.14854745251426804
0.001,1.0,2007,0,986,88742,264,0.26774847870182555,71,0.22887970615243336,0.32275675257093417,0.35984848484848486,0.18274523532500694
0.001,1.0,2008,0,988,100473,274,0.2773279352226721,78,0.23016676434546315,0.32013808166551655,0.36861313868613144,0.20606549105989194
0.001,1.0,2009,0,987,89906,280,0.28368794326241137,74,0.23326530612244906,0.3163830103195843,0.3821428571428571,0.1847670836493071
0.001,1.0,2010,0,991,79028,251,0.2532795156407669,77,0.23436135934350238,0.32128710278698785,0.38247011952191234,0.1611024472780275
0.001,1.0,2011,0,993,75556,235,0.2366565961732125,65,0.24309642372114074,0.32370976801768614,0.3489361702127659,0.1534044764967677
0.001,1.0,2012,0,990,78056,205,0.20707070707070707,54,0.2865199286139204,0.31829956257405845,0.36585365853658536,0.15944275924053478
0.001,1.0,2013,0,995,77458,238,0.23919597989949748,69,0.2574676929595368,0.3190245131044877,0.46218487394957986,0.15663427802998897
0.001,1.0,2014,0,994,78497,256,0.2575452716297787,69,0.218048095703125,0.3005060717209221,0.43359375,0.15905503514541428
0.001,1.0,2015,0,997,80646,254,0.2547642928786359,72,0.23042346084692175,0.298482313515768,0.3503937007874016,0.1624270401566144
0.001,1.0,2016,0,1000,91342,215,0.215,65,0.30561384532179564,0.3219129031608823,0.38604651162790693,0.18286686686686687
0.001,1.0,2017,0,997,108913,207,0.20762286860581744,61,0.28068332983266847,0.3228052929119893,0.3961352657004831,0.21935887985240862
0.001,1.0,2018,0,994,105257,160,0.16096579476861167,45,0.35625000000000023,0.32632839224813864,0.2875,0.21327765181218225
0.001,1.0,2019,0,996,122438,182,0.1827309236947791,48,0.2968240550658134,0.32818900843724563,0.4010989010989011,0.24709491231256686
0.001,1.0,2020,0,999,113998,190,0.19019019019019018,57,0.26692520775623274,0.3395157301675445,0.4052631578947369,0.22868158739902228
0.001,1.0,2021,0,993,122816,178,0.17925478348439072,58,0.31643731852038903,0.3350152942247568,0.3258426966292135,0.24935841211058052
0.001,1.0,2022,0,990,121549,198,0.2,60,0.28425670849913287,0.33064579743261885,0.40909090909090906,0.24828466668709337
0.001,1.0,2023,0,988,132348,194,0.19635627530364372,57,0.3139547242002338,0.3297348494165076,0.3711340206185567,0.27143964657962416
