min_share,max_share,year,run,V_t,E_t,n_core,R_t,S_t,H_t,Q_cp,C_t,density
0.0,0.005,1990,0,12181,216494,4724,0.3878170921927592,1058,0.1437365433934559,0.36716926598222216,,0.002918405457690778
0.0,0.005,1991,0,12261,228855,4598,0.3750101949270043,795,0.11501095186533625,0.33315153129280317,0.5167464114832536,0.003044907040227419
0.0,0.005,1992,0,12601,244445,5072,0.4025077374811523,1073,0.10637140632308015,0.3359590146082829,0.5167586750788644,0.0030791836878655385
0.0,0.005,1993,0,12705,255216,4851,0.38181818181818183,814,0.158362109859592,0.36992541489980985,0.5019583591012162,0.003162443235720085
0.0,0.005,1994,0,12826,266919,4883,0.38071105566817404,912,0.12243520706883912,0.3292007289510262,0.5183288961703871,0.0032453450274159855
0.0,0.005,1995,0,13241,278687,5132,0.38758401933388714,1086,0.15325553478578613,0.3705262064562234,0.5210444271239283,0.0031793470386657207
0.0,0.005,1996,0,13414,298021,5086,0.3791561055613538,800,0.16491362331175508,0.3712980216540716,0.4946913094769957,0.0033127803138584813
0.0,0.005,1997,0,13637,307280,5290,0.38791523062257094,1032,0.14686568444223688,0.37224034471906875,0.5032136105860113,0.0033049010172035327
0.0,0.005,1998,0,13719,320702,5303,0.38654420876157153,1010,0.11127836761852695,0.33628687188611994,0.49952856873467844,0.003408147713450551
0.0,0.005,1999,0,14114,349137,5311,0.37629304236927874,786,0.16522235959294954,0.37391064146281694,0.4921860289964225,0.0035055520262217625
0.0,0.005,2000,0,14634,390391,5389,0.3682520158534919,902,0.12065666709857997,0.33510655295402886,0.49192800148450544,0.0036461402450877283
0.0,0.005,2001,0,14907,417203,5498,0.36882001744147047,910,0.12323916590721641,0.3373658250100843,0.4652600945798472,0.0037551392811377587
0.0,0.005,2002,0,15484,620602,6149,0.3971196073366055,995,0.12457487332585192,0.3939499735396974,0.5220361034314522,0.005177318585747991
0.0,0.005,2003,0,15714,578826,6028,0.3836069746722668,950,0.13942956536825044,0.3871141828472055,0.46101526211015265,0.004688481072537613
0.0,0.005,2004,0,15879,595851,5898,0.3714339693935386,922,0.11718831299722733,0.3414008156655444,0.46541200406917604,0.00472659859884291
0.0,0.005,2005,0,16159,666676,6043,0.37397116158178106,919,0.1451956001022952,0.3888895720573951,0.47128909482045345,0.005106728062670871
0.0,0.005,2006,0,16472,730023,6303,0.38264934434191356,900,0.14065590679818257,0.39030006722046123,0.45184832619387594,0.005381461505230218
0.0,0.005,2007,0,16736,765813,6127,0.3660970363288719,930,0.10889171425063565,0.32995867359429665,0.4382242533050432,0.005468589776181518
0.0,0.005,2008,0,16906,815066,6582,0.38932923222524546,1094,0.13450160705499498,0.39059640421793435,0.4683986630203586,0.005703832101457848
0.0,0.005,2009,0,17131,872841,6361,0.3713151596520927,801,0.14743600595724599,0.39139068148092065,0.4217890268825656,0.005948740932267995
0.0,0.005,2010,0,17174,934834,6317,0.36782345405846045,775,0.1497053877823119,0.391863063936227,0.4359664397657116,0.006339381184566859
0.0,0.005,2011,0,17310,971571,6412,0.370421721548238,918,0.14686470782130653,0.39205486637106346,0.43325015595757954,0.006485380973603158
0.0,0.005,2012,0,17486,995977,6228,0.35617065080635935,847,0.11884752762608133,0.3459681279691927,0.43914579319203595,0.006515131628158853
0.0,0.005,2013,0,17504,1016553,6804,0.38871115173674586,1106,0.13385752614310978,0.3932317683875765,0.4679600235155791,0.006636058785848256
0.0,0.005,2014,0,17479,1032017,6536,0.3739344356084444,943,0.14052792443021533,0.39346992843836937,0.412484700122399,0.006756293843950423
0.0,0.005,2015,0,17472,1028975,6902,0.39503205128205127,1189,0.12924743234357464,0.3938149005752899,0.43248333816285134,0.006741777792733663
0.0,0.005,2016,0,17476,1023404,6884,0.3939116502632181,1211,0.12559971146324195,0.3951235101853644,0.41981406159209766,0.006702207744706741
0.0,0.005,2017,0,17476,1054868,6890,0.3942549782558938,1225,0.12534954215212724,0.3953702395367195,0.4178519593613933,0.006908263480740069
0.0,0.005,2018,0,17641,1120378,6751,0.38268805623263985,1113,0.1317662556660028,0.3973553389121773,0.42141904902977334,0.007200667996541246
0.0,0.005,2019,0,17784,1183531,6970,0.39192532613585246,1162,0.12663343001055968,0.3997468852684497,0.43586800573888096,0.007484713055823253
0.0,0.005,2020,0,17958,1255920,6970,0.3881278538812785,1140,0.12486067569765073,0.40163253304135954,0.4233859397417503,0.007789332131566256
0.0,0.005,2021,0,17834,1301033,6668,0.37389256476393407,963,0.13246345931773454,0.40274565916699884,0.40521895620875825,0.008181729860709551
0.0,0.005,2022,0,17813,1279384,6933,0.38921012743501937,1067,0.1235735982297355,0.4041127438201169,0.425933939131689,0.008064568895243244
0.0,0.005,2023,0,17860,1324069,6579,0.3683650615901456,956,0.1323232472355756,0.40602596396915086,0.40325277397780823,0.008302368804484199
0.0,0.01,1990,0,12355,281259,4495,0.36382031566167544,1042,0.1224038574562516,0.3816288315752624,,0.0036854122684726117
0.0,0.01,1991,0,12430,297125,4254,0.3422365245374095,729,0.141600405293483,0.3824630585686407,0.5148095909732017,0.0038464657856787455
0.0,0.01,1992,0,12770,317420,4756,0.37243539545810495,1011,0.12475808522332199,0.38391657514065447,0.5496215306980656,0.003893287709264061
0.0,0.01,1993,0,12867,330117,4694,0.3648092018341494,918,0.1277528593101928,0.3844303197584314,0.5230080954409885,0.0039882009936741646
0.0,0.01,1994,0,13008,345717,5018,0.3857626076260763,1157,0.11944095715368873,0.38489119401546834,0.5294938222399362,0.00408660877183078
0.0,0.01,1995,0,13410,360814,4734,0.3530201342281879,907,0.13712192484715827,0.3849971152794332,0.4896493451626531,0.0040131760091458605
0.0,0.01,1996,0,13579,385494,4862,0.35805287576404743,879,0.1362461189208836,0.38600868667770094,0.5168654874537227,0.004181614816385039
0.0,0.01,1997,0,13789,396727,5123,0.37152802958880266,1092,0.12236392513064041,0.3867252818970236,0.5194222135467499,0.004173377857835538
0.0,0.01,1998,0,13879,414424,5074,0.36558829886879457,976,0.12754116490213657,0.38679166018128897,0.4984233346472211,0.004303183191983925
0.0,0.01,1999,0,14264,449948,5207,0.3650448681996635,990,0.13126776164319723,0.38874863569190765,0.5070097945073939,0.004423235973801822
0.0,0.01,2000,0,14808,501442,5202,0.3512965964343598,935,0.1345729417352123,0.38937693994294575,0.4969242599000384,0.004573905847165822
0.0,0.01,2001,0,15057,535073,5565,0.3695955369595537,1202,0.1189935815313428,0.3904062110778348,0.5087151841868822,0.0047205758041510976
0.0,0.01,2002,0,15636,787666,6239,0.3990150933742645,1292,0.09073741864540384,0.40869117588257536,0.5239621734252284,0.006443896371914198
0.0,0.01,2003,0,15871,737923,6083,0.3832776762648856,1132,0.10349610810118096,0.4022579169428924,0.4673680749630117,0.005859490090969342
0.0,0.01,2004,0,16032,758157,6004,0.374500998003992,1119,0.11045589859924607,0.40038481698295014,0.4698534310459693,0.005899848048896281
0.0,0.01,2005,0,16306,845946,6136,0.37630320127560407,1084,0.10629910426678045,0.40363250129197936,0.46707953063885266,0.0063636223102529355
0.0,0.01,2006,0,16621,921910,5991,0.36044762649660067,969,0.11536163088453971,0.4050122888772669,0.4513436821899516,0.006674678510816388
0.0,0.01,2007,0,16897,964148,6306,0.37320234361129195,1209,0.10724128742716448,0.40508268789759455,0.46844275293371396,0.006754297651905215
0.0,0.01,2008,0,17066,1023997,6405,0.3753076292042658,1182,0.10572236634508679,0.40537760144035934,0.4512099921935987,0.007032190806145864
0.0,0.01,2009,0,17274,1093439,6354,0.36783605418548104,1090,0.10906852436891736,0.4062387372296641,0.4501101668240478,0.007329323101898873
0.0,0.01,2010,0,17322,1165992,6450,0.372358850017319,988,0.10952139895438973,0.40644402366854654,0.4493023255813954,0.00777238975047798
0.0,0.01,2011,0,17458,1209391,6413,0.3673387558712338,1204,0.1078696110049929,0.4067688047088075,0.4394199282707001,0.0079365659048012
0.0,0.01,2012,0,17622,1237271,6535,0.37084326410169105,1157,0.10599679554912662,0.40696723596064377,0.4466717674062739,0.007969096416932853
0.0,0.01,2013,0,17651,1261262,6457,0.36581496799048213,969,0.11117088688278413,0.40740021193943193,0.43689019668576734,0.008096946733831899
0.0,0.01,2014,0,17624,1278735,6509,0.3693259192010894,1068,0.10732254601160746,0.4075633861307836,0.43969887847595635,0.008234291222147099
0.0,0.01,2015,0,17608,1275064,6706,0.3808496138119037,1225,0.10129708326599281,0.4076950399589067,0.44407992842230837,0.008225581049749249
0.0,0.01,2016,0,17628,1266201,6530,0.3704334014068527,1102,0.10776522071532262,0.4086920231041895,0.4228177641653905,0.0081498797620134
0.0,0.01,2017,0,17613,1304365,6484,0.3681371714074831,1097,0.10711575515833402,0.4091781340973393,0.4355336212214682,0.008409828136901389
0.0,0.01,2018,0,17785,1382796,6451,0.36272139443351137,1084,0.10828080210016477,0.4112249787693725,0.4377615873507983,0.008743892125807695
0.0,0.01,2019,0,17930,1456535,6916,0.3857222532069158,1348,0.09481567791436592,0.41355577438206154,0.44852515905147483,0.00906180190145196
0.0,0.01,2020,0,18102,1541760,6815,0.3764777372666004,1248,0.09607741328442881,0.4151611720928336,0.4296404988994864,0.009410607079192898
0.0,0.01,2021,0,17973,1595514,6845,0.38084905135481,1416,0.09182764981236936,0.4164498363728571,0.4376917457998539,0.009879014679003444
0.0,0.01,2022,0,17953,1570572,6981,0.388848660391021,1430,0.0886586981206135,0.4175981683018412,0.4419137659361123,0.009746259618474978
0.0,0.01,2023,0,18010,1620736,6879,0.38195446973903385,1390,0.08858005537160835,0.41918930526851617,0.42171827300479725,0.009993991220812569
0.0,0.05,1990,0,12523,371265,3869,0.3089515291862972,1016,0.10460218845932646,0.4013819092894199,,0.004735130197045008
0.0,0.05,1991,0,12585,390558,3982,0.3164084227254668,1118,0.09401485489322749,0.4031766079604319,0.5597689603214465,0.004932233223489048
0.0,0.05,1992,0,12918,417423,3994,0.3091809877690045,952,0.1054461010494209,0.4044759883369353,0.5480721081622434,0.005003218052188648
0.0,0.05,1993,0,13023,433017,4133,0.3173615910312524,992,0.10121534234700091,0.4043409177722763,0.565206871521897,0.005106768971164317
0.0,0.05,1994,0,13156,453507,4292,0.32623897841289146,1253,0.09168111373899211,0.4052106857688389,0.5505591798695246,0.005240820356580606
0.0,0.05,1995,0,13563,472023,4238,0.31246774312467746,1138,0.09618664007816201,0.40580767715627847,0.5405851816894762,0.0051323191473267304
0.0,0.05,1996,0,13717,502606,4455,0.3247794707297514,1181,0.0896141865090612,0.40689949579140555,0.5555555555555556,0.005342826229489655
0.0,0.05,1997,0,13932,515999,4586,0.3291702555268447,1306,0.08773797041337625,0.40726027071715376,0.5372873964238989,0.005317201243246497
0.0,0.05,1998,0,14028,538673,4447,0.31700883946392927,1058,0.10160428835047913,0.40686116308251136,0.5217000224870699,0.005475132697055857
0.0,0.05,1999,0,14404,581769,4819,0.3345598444876423,1276,0.08878905484149797,0.4092631680596548,0.5420211662170575,0.005608471251910457
0.0,0.05,2000,0,14945,645331,4732,0.31662763466042154,1145,0.09596949315071429,0.4097423052397523,0.5177514792899408,0.005778960757610167
0.0,0.05,2001,0,15198,686773,4976,0.327411501513357,1415,0.08701219228502605,0.41110376230473894,0.5383842443729904,0.005947013232875775
0.0,0.05,2002,0,15774,989436,5500,0.3486750348675035,1308,0.0667929917355372,0.42813753102277113,0.5470909090909091,0.007953560037559308
0.0,0.05,2003,0,16008,930952,5534,0.34570214892553724,1490,0.07168303077378607,0.421999986055321,0.49837368991687747,0.00726624880225596
0.0,0.05,2004,0,16175,953683,5452,0.3370633693972179,1471,0.07581640935982889,0.42034710208772796,0.48440939104915626,0.007290751714975989
0.0,0.05,2005,0,16432,1056599,5573,0.33915530671859784,1424,0.07370238753024995,0.4230114410635858,0.4938094383635385,0.007826827623017906
0.0,0.05,2006,0,16740,1145374,5764,0.34432497013142177,1502,0.06850068697955825,0.4246300867797156,0.5024288688410825,0.008175086433123969
0.0,0.05,2007,0,17022,1194530,5824,0.34214545881800024,1411,0.07012298956194907,0.4242999996411054,0.48317307692307687,0.008245773460391402
0.0,0.05,2008,0,17193,1263884,5916,0.3440935264351771,1576,0.06980171122329701,0.4246054268970324,0.48140635564570655,0.00855183171200352
0.0,0.05,2009,0,17382,1344133,5997,0.34501208146358303,1444,0.06829002295044467,0.42529113918835754,0.47073536768384194,0.008898109260101355
0.0,0.05,2010,0,17442,1425923,5967,0.34210526315789475,1346,0.07154732852935712,0.4254310293970241,0.46589576001340705,0.009374722165993863
0.0,0.05,2011,0,17573,1475930,6023,0.34274170602629034,1436,0.07110142759247993,0.42554365703331853,0.4718578781338204,0.009559356372984346
0.0,0.05,2012,0,17718,1507333,6112,0.3449599277570832,1521,0.07005080555631701,0.4255952838445484,0.47709424083769636,0.009603605693031456
0.0,0.05,2013,0,17777,1534051,6176,0.3474151994149744,1450,0.06916439870869018,0.42610786485161806,0.4676165803108808,0.009709062119577543
0.0,0.05,2014,0,17738,1553377,6076,0.3425414364640884,1520,0.07053778104076473,0.42614879487324303,0.4517774851876234,0.009874657691423032
0.0,0.05,2015,0,17732,1550366,6214,0.35043988269794724,1572,0.06815372412492156,0.4261690198379302,0.46700997747022854,0.00986218803928265
0.0,0.05,2016,0,17743,1540465,6152,0.3467282872118582,1517,0.06888474214566058,0.4269992760157425,0.4696033810143043,0.009787058937089307
0.0,0.05,2017,0,17736,1584519,6103,0.34410239061795217,1477,0.0681784212893045,0.4277876157779346,0.46583647386531213,0.010074896050827988
0.0,0.05,2018,0,17907,1675207,6147,0.3432735801641816,1527,0.06874709892858942,0.4295676499990811,0.46819586790304213,0.01044905610244563
0.0,0.05,2019,0,18032,1760430,6248,0.3464951197870453,1500,0.0653478767494971,0.4315794433512916,0.4665492957746479,0.010828917485448628
0.0,0.05,2020,0,18212,1854338,6328,0.3474632110696244,1635,0.0628680989194174,0.4328571478137719,0.46381163084702903,0.011182205207248998
0.0,0.05,2021,0,18080,1915914,6318,0.3494469026548673,1718,0.06040415136120529,0.4341996932881082,0.46122190566635013,0.01172284912774661
0.0,0.05,2022,0,18062,1887396,6195,0.34298527294873216,1488,0.06194083723693442,0.4352223358652692,0.45181598062954,0.01157138638138371
0.0,0.05,2023,0,18114,1941816,6151,0.3395716020757425,1543,0.061849380415665456,0.43637017264375333,0.4700048772557308,0.01183677303722114
0.0,0.1,1990,0,12566,386258,3931,0.3128282667515518,1251,0.08707822504987943,0.40563481502057613,,0.004892692647287107
0.0,0.1,1991,0,12620,406077,3595,0.28486529318542,981,0.10081835960546347,0.4068830636453266,0.5477051460361613,0.0050998111292696385
0.0,0.1,1992,0,12965,434066,3705,0.2857693790975704,973,0.10145920182996683,0.40885420985259757,0.5697705802968961,0.005165046330203561
0.0,0.1,1993,0,13059,449981,3980,0.30477065625239297,1177,0.08871568899775262,0.40878843492303957,0.5773869346733669,0.005277613549102075
0.0,0.1,1994,0,13187,471338,3974,0.3013573974368696,1164,0.09299627244933027,0.40883493323882614,0.5593860090588827,0.0054212991525569645
0.0,0.1,1995,0,13599,490548,4041,0.2971542025148908,1151,0.09272814331155643,0.4097680693429696,0.5523385300668151,0.005305538794181039
0.0,0.1,1996,0,13755,521955,4142,0.30112686295892405,1054,0.09606284948080468,0.40963645150244743,0.5540801545147271,0.005517895141122027
0.0,0.1,1997,0,13970,535624,4175,0.29885468861846815,1018,0.09938800243823734,0.40993319933148203,0.547065868263473,0.005489443262059003
0.0,0.1,1998,0,14067,558807,4249,0.3020544536859316,1225,0.09027998835272028,0.41101559826389367,0.55165921393269,0.005648325717437798
0.0,0.1,1999,0,14432,602752,4230,0.29309866962305986,1023,0.09815356929284798,0.4123589694360481,0.5463356973995273,0.0057882290541995006
0.0,0.1,2000,0,14977,667985,4505,0.300794551645857,1342,0.08869193312154086,0.41379543803524477,0.551165371809101,0.005956292882705048
0.0,0.1,2001,0,15233,710546,4715,0.30952537254644524,1420,0.0825776807170995,0.4145550961202014,0.5425238600212089,0.00612462949467846
0.0,0.1,2002,0,15803,1017914,5405,0.3420236663924571,1370,0.060424094249251846,0.4305991468713657,0.5583718778908418,0.008152475186450165
0.0,0.1,2003,0,16043,958926,5254,0.32749485757027985,1460,0.06871948053717009,0.42472151914687956,0.4946707270650933,0.007451968222510841
0.0,0.1,2004,0,16210,981796,5185,0.3198642813078347,1235,0.0761021379638059,0.4229804402785193,0.5012536162005785,0.007473293125208351
0.0,0.1,2005,0,16457,1086633,5444,0.3308014826517591,1573,0.06692212094987857,0.42573577983926325,0.5167156502571639,0.008024868745758935
0.0,0.1,2006,0,16769,1176717,5519,0.3291192080624963,1477,0.06615309493853135,0.4272820341695295,0.4995470193875702,0.008369771340609877
0.0,0.1,2007,0,17049,1227048,5498,0.32248225702387234,1449,0.06944090651833976,0.42705912867384255,0.490542015278283,0.008443435694047622
0.0,0.1,2008,0,17216,1297243,5632,0.3271375464684015,1477,0.06697750879713324,0.4272480734731469,0.49786931818181823,0.008754111029652319
0.0,0.1,2009,0,17411,1378910,5751,0.3303084257078858,1622,0.06352563755440417,0.4280064234598087,0.4887845592070944,0.00909794757953562
0.0,0.1,2010,0,17467,1461536,5715,0.3271884124348772,1536,0.06648773890140375,0.4281069591010723,0.4771653543307086,0.009581372764952373
0.0,0.1,2011,0,17603,1512268,5741,0.3261375901834915,1446,0.06667731421273553,0.4281811741062959,0.4812750391917784,0.009761353765174787
0.0,0.1,2012,0,17752,1544051,5892,0.33190626408292023,1554,0.06553612225305556,0.4281942923915089,0.484725050916497,0.009799897277112316
0.0,0.1,2013,0,17802,1571024,5909,0.3319289967419391,1490,0.06605156488458779,0.4286916449548359,0.4736842105263158,0.009915157526694102
0.0,0.1,2014,0,17759,1590610,5768,0.3247930626724478,1495,0.06631174243662966,0.42874864758852044,0.4609916782246879,0.01008744419731792
0.0,0.1,2015,0,17760,1587264,5953,0.3351914414414414,1668,0.06425733873853494,0.42883335865906946,0.4841256509323031,0.010065090711523506
0.0,0.1,2016,0,17767,1577312,5841,0.3287555580570721,1519,0.06605722771401393,0.4295798263847633,0.47508988186954293,0.009994103504783716
0.0,0.1,2017,0,17764,1622136,5964,0.3357351947759514,1552,0.06219071639764811,0.4305525045802734,0.4765258215962441,0.010281587551412976
0.0,0.1,2018,0,17928,1714176,5984,0.33377956269522535,1622,0.06238365811504475,0.43238932240973266,0.48011363636363635,0.010667089622505193
0.0,0.1,2019,0,18055,1800802,6100,0.3378565494322902,1576,0.05922450954044611,0.43446462189608537,0.4814754098360656,0.011049052295404626
0.0,0.1,2020,0,18232,1896253,6079,0.33342474769635805,1718,0.05822652398678682,0.435907472796709,0.474913637111367,0.011409890414922588
0.0,0.1,2021,0,18105,1958179,6096,0.33670256835128415,1782,0.05532090230847126,0.43722431497406566,0.4688320209973753,0.011948387926617001
0.0,0.1,2022,0,18082,1929270,6034,0.3337020241123769,1787,0.056540173576119165,0.4382405926911534,0.47447795823665895,0.011801958839978054
0.0,0.1,2023,0,18143,1984278,6165,0.33980047401201563,1772,0.05380874294295357,0.43933080935335667,0.4708840227088402,0.012056971929413914
0.0,1.0,1990,0,12593,397239,3545,0.28150559834828875,1252,0.0887642858990095,0.41190972635025075,,0.0050102333934132345
0.0,1.0,1991,0,12657,417466,3712,0.2932764478154381,1376,0.07825011844158736,0.41339883659855264,0.59375,0.005212233462752082
0.0,1.0,1992,0,12986,445814,3619,0.27868473740951794,1103,0.08882100479638297,0.41512229152265695,0.5617573915446256,0.005287694380862516
0.0,1.0,1993,0,13079,461959,3896,0.29788210107806407,1230,0.07805813048922917,0.4151050204786595,0.5854722792607803,0.005401539488857465
0.0,1.0,1994,0,13207,483525,3812,0.2886348148709018,1204,0.08445729452141522,0.41501568500808017,0.5616474291710388,0.005544641337646486
0.0,1.0,1995,0,13617,503236,3860,0.28346919292061395,1297,0.08457515638003703,0.41578890171155464,0.5678756476683937,0.00542838594219381
0.0,1.0,1996,0,13774,535092,4024,0.29214462029911425,1356,0.07906326948843714,0.4166692293859203,0.5713220675944334,0.00564117831185737
0.0,1.0,1997,0,13990,548813,3941,0.2817012151536812,1236,0.0870119855279738,0.4169879417643461,0.5498604415123065,0.005608542318888255
0.0,1.0,1998,0,14084,572367,4277,0.3036779324055666,1402,0.07433625677174792,0.4172346983416277,0.568856675239654,0.005771429386170677
0.0,1.0,1999,0,14465,616762,4380,0.30279986173522294,1437,0.07399209774608534,0.4187458003970456,0.5579908675799087,0.005895772982695491
0.0,1.0,2000,0,15000,683122,4248,0.2832,1387,0.0822432003007508,0.41954678284486324,0.5419020715630884,0.0060726003955819275
0.0,1.0,2001,0,15252,725997,4435,0.29078153684762653,1362,0.07723766442246706,0.4201258173099601,0.5492671927846674,0.006242229102001076
0.0,1.0,2002,0,15823,1036508,5238,0.33103709789546865,1584,0.05351310459107172,0.4359188197718371,0.5841924398625429,0.008280421528600672
0.0,1.0,2003,0,16064,977125,5021,0.3125622509960159,1566,0.06357631744720374,0.4302626121657867,0.5140410276837284,0.007573554688672317
0.0,1.0,2004,0,16228,1000259,5014,0.3089721469065812,1488,0.06680250225575007,0.4286617282069343,0.5209413641802951,0.007596949302233036
0.0,1.0,2005,0,16469,1106209,5175,0.3142267290060113,1626,0.0631620434549231,0.4312175074634066,0.5142028985507247,0.00815753780816928
0.0,1.0,2006,0,16779,1197019,5352,0.31897014124798856,1671,0.05852351690607537,0.4326121817692384,0.5072869955156951,0.008504029840898805
0.0,1.0,2007,0,17059,1247769,5423,0.3178967114133302,1606,0.0594446332948745,0.43218572367487823,0.498617001659598,0.008575955287247996
0.0,1.0,2008,0,17229,1318524,5421,0.31464391433048927,1533,0.06103822403743176,0.43242058661786603,0.49990776609481646,0.008884297662661656
0.0,1.0,2009,0,17423,1400948,5515,0.3165356138437697,1654,0.05905828413237121,0.43312955521892527,0.49301903898458754,0.00923062409379959
0.0,1.0,2010,0,17478,1484113,5544,0.3171987641606591,1595,0.059628182463680304,0.4331444239418572,0.4839466089466089,0.00971713740026509
0.0,1.0,2011,0,17612,1535196,5673,0.32210992505110153,1731,0.05670133380339622,0.4332274609546492,0.4824607791292085,0.009899223552454988
0.0,1.0,2012,0,17767,1567243,5710,0.3213823380424382,1688,0.05805361902337435,0.4332135933059229,0.48248686514886163,0.009930304695043052
0.0,1.0,2013,0,17813,1594207,5810,0.3261662830517038,1608,0.05691717941349861,0.4335937718639223,0.4855421686746988,0.010049048749069119
0.0,1.0,2014,0,17768,1613834,5487,0.30881359747861326,1514,0.06308361307567642,0.43358184068974537,0.4630945872061236,0.010224361790384497
0.0,1.0,2015,0,17773,1610502,5772,0.3247622798627131,1717,0.05899672661626923,0.43354550468973446,0.48960498960498966,0.010197511850722442
0.0,1.0,2016,0,17782,1600252,5751,0.32341693847711167,1632,0.05922268067900222,0.43424505824464876,0.4839158407233525,0.010122355515392157
0.0,1.0,2017,0,17775,1645430,5734,0.32258790436005624,1634,0.057696465158231645,0.43506652768987,0.47750261597488664,0.010416327393621777
0.0,1.0,2018,0,17944,1738169,5699,0.31759919750334376,1624,0.05744006646099072,0.4367397259321774,0.48447095981751187,0.010797113780998027
0.0,1.0,2019,0,18065,1825458,5856,0.32416274564074177,1665,0.0542006913650751,0.43864059801279215,0.4926571038251366,0.011187935407936648
0.0,1.0,2020,0,18242,1921388,5878,0.3222234404122355,1718,0.05373217078903103,0.43971168067791994,0.4867301803334467,0.01154845735381525
0.0,1.0,2021,0,18118,1983661,5902,0.32575339441439455,1829,0.051694909318025214,0.4409828026187066,0.484242629617079,0.01208650986699807
0.0,1.0,2022,0,18090,1954473,5870,0.3244886677722499,1788,0.052642518624716673,0.4419554127170955,0.4885860306643952,0.011945560860998048
0.0,1.0,2023,0,18159,2009733,5877,0.32364116966793327,1797,0.05114266199358995,0.44298268378286937,0.4851114514207929,0.01219013229815777
1e-05,0.005,1990,0,9881,205498,3823,0.38690415949802653,752,0.15911013703488994,0.35476864258711277,,0.004209977272047486
1e-05,0.005,1991,0,9964,217777,3782,0.37956643918105176,697,0.1674374790436259,0.35611228686443075,0.4574299312533051,0.0043875103841660955
1e-05,0.005,1992,0,10185,232733,4033,0.39597447226313204,795,0.12232536815507127,0.32639856930871336,0.48946193900322343,0.0044875421358443034
1e-05,0.005,1993,0,10258,243067,3984,0.3883798011308247,693,0.12886460500637087,0.327133627031402,0.4425200803212851,0.004620329476307598
1e-05,0.005,1994,0,10383,255080,4095,0.3943946836174516,674,0.12632738039331445,0.3233095388784016,0.4371184371184371,0.004732629706253571
1e-05,0.005,1995,0,10555,265577,3947,0.3739459971577451,530,0.17884274722156235,0.3548078298592092,0.4464149987332151,0.004768097516038739
1e-05,0.005,1996,0,10702,284498,4232,0.39544010465333584,644,0.1600905737543819,0.35619755565722805,0.4714083175803403,0.004968438319443351
1e-05,0.005,1997,0,10792,292928,4025,0.3729614529280949,454,0.18501218317194557,0.3536936503596792,0.4206211180124224,0.005030686486878978
1e-05,0.005,1998,0,10906,306222,4149,0.38043278929029894,628,0.15235310660076531,0.33982961541285706,0.45770065075921906,0.0051496204529843746
1e-05,0.005,1999,0,11087,333646,4253,0.38360241724542254,557,0.17778004201568012,0.3561453260285219,0.4512109099459205,0.005429089440882674
1e-05,0.005,2000,0,11288,372409,4271,0.37836640680368533,560,0.17779938547618027,0.3538710902367241,0.4303441816904706,0.005845943826170069
1e-05,0.005,2001,0,11396,398013,4285,0.376009126009126,481,0.17951890464824646,0.35391670217789756,0.41330221703617265,0.006130000118591606
1e-05,0.005,2002,0,11636,596371,4810,0.4133722928841526,640,0.13517524561183605,0.3718655210147583,0.46652806652806655,0.008810010218276992
1e-05,0.005,2003,0,11673,554528,4802,0.41137668123018933,712,0.1445872979830527,0.36296144282345727,0.39254477301124535,0.008140024486071118
1e-05,0.005,2004,0,11734,570373,4470,0.3809442645304244,571,0.1301680104499797,0.3232828919454056,0.38814317673378074,0.008285787671782613
1e-05,0.005,2005,0,11793,638493,4278,0.3627575680488425,479,0.14093765224341634,0.3257310171398232,0.35507246376811596,0.009182783959529841
1e-05,0.005,2006,0,11839,699082,4688,0.3959793901511952,530,0.1535775205593542,0.36134942454908675,0.43536689419795227,0.00997619109491495
1e-05,0.005,2007,0,11865,731998,4710,0.3969658659924147,522,0.15444710400692385,0.35978475195889786,0.3815286624203822,0.010400183680248604
1e-05,0.005,2008,0,11898,778787,4766,0.40057152462598755,508,0.1542080399190729,0.3591933287805537,0.3833403273185061,0.011003662537243067
1e-05,0.005,2009,0,11912,833890,4466,0.3749160510409671,491,0.1322467470297049,0.3210169031714449,0.3750559785042543,0.011754545789262303
1e-05,0.005,2010,0,11926,892554,4763,0.39937950695958413,477,0.15697295563653785,0.358628546809241,0.40835607810203656,0.012551952976267697
1e-05,0.005,2011,0,11926,927988,4700,0.39409693107496224,465,0.1593431416930738,0.3575563315771341,0.34787234042553195,0.013050259971431093
1e-05,0.005,2012,0,11937,949473,4701,0.393817542096004,463,0.16089327489012029,0.3575498660582949,0.3582216549670283,0.013327804418235953
1e-05,0.005,2013,0,11936,971015,4594,0.38488605898123324,544,0.12744140726798348,0.32035783790611694,0.37287766652154986,0.013632474720643882
1e-05,0.005,2014,0,11937,984972,4837,0.4052106894529614,575,0.15195642574772394,0.35825854472878826,0.4002480876576391,0.013826105822323229
1e-05,0.005,2015,0,11937,983110,4891,0.4097344391388121,664,0.14693915582976105,0.35847083555074183,0.36475158454303824,0.013799968826508966
1e-05,0.005,2016,0,11937,978135,4742,0.39725224093155737,520,0.15327935383991964,0.36021038013536477,0.3454238717840573,0.013730134479475693
1e-05,0.005,2017,0,11933,1007778,4807,0.4028324813542278,651,0.14670076044102007,0.3603274206778905,0.35718743499063865,0.014155720652737085
1e-05,0.005,2018,0,11943,1070608,4680,0.3918613413715147,473,0.1550323252246329,0.36170503191150066,0.34978632478632476,0.01501308629039913
1e-05,0.005,2019,0,11935,1130289,4702,0.39396732299958104,472,0.15288995279889409,0.36382817279237367,0.3600595491280306,0.015871246611284563
1e-05,0.005,2020,0,11945,1197620,4699,0.39338635412306405,497,0.14905033608460205,0.365199781096396,0.3596509895722494,0.016788546073948554
1e-05,0.005,2021,0,11936,1242326,4736,0.3967828418230563,515,0.14403324949210197,0.3673950646877718,0.36528716216216217,0.017441520254371592
1e-05,0.005,2022,0,11934,1222545,4801,0.4022959611194905,549,0.1404463790935036,0.3694016104762935,0.35763382628619034,0.01716956037895006
1e-05,0.005,2023,0,11929,1264446,4725,0.39609355352502307,571,0.13938722880098542,0.3717289096778539,0.3494179894179894,0.017772912940801824
1e-05,0.01,1990,0,10027,268952,3618,0.36082577041986635,753,0.1373175275883955,0.3696176731370127,,0.005350644025145671
1e-05,0.01,1991,0,10106,284738,3594,0.3556303186226004,695,0.11683232643040443,0.3313503609370371,0.48219254312743465,0.005576475700964139
1e-05,0.01,1992,0,10333,304296,3686,0.3567211845543405,620,0.14345741935654815,0.37209929751789866,0.4848073792729246,0.00570053232019511
1e-05,0.01,1993,0,10404,316602,3802,0.36543637062668205,692,0.1373459689673006,0.37177243342629746,0.47790636507101525,0.0058503885124965615
1e-05,0.01,1994,0,10520,332394,3677,0.34952471482889735,553,0.15733411516835133,0.3704707358431109,0.45254283383192817,0.0060074888929935585
1e-05,0.01,1995,0,10696,346033,3753,0.35087883320867613,621,0.15070214012642805,0.37052601361298965,0.46229682920330406,0.00604986007973165
1e-05,0.01,1996,0,10833,370294,3860,0.35631865595864487,589,0.1472235496254933,0.37161030945038653,0.47176165803108805,0.006311306567642145
1e-05,0.01,1997,0,10926,380588,3693,0.33800109829763864,568,0.13442994038310932,0.33440139351801307,0.46222583265637696,0.006376794839090181
1e-05,0.01,1998,0,11035,398030,4110,0.3724512913457182,728,0.13457047969169014,0.37140695310189187,0.4793187347931873,0.006537933293303829
1e-05,0.01,1999,0,11213,432492,4212,0.37563542316953535,776,0.1374017075979722,0.37215786549031665,0.45299145299145294,0.0068802332698346316
1e-05,0.01,2000,0,11418,481155,4090,0.3582063408653004,691,0.1421794465599799,0.37093889223617077,0.4207823960880196,0.007381981613188398
1e-05,0.01,2001,0,11517,513359,4431,0.38473560823131026,889,0.1244199213793017,0.37080504773821715,0.44752877454299256,0.007741233242864958
1e-05,0.01,2002,0,11754,759944,4616,0.39271737280925645,715,0.10902915861940535,0.3892707171511335,0.449523396880416,0.011002139914649822
1e-05,0.01,2003,0,11790,710205,4475,0.3795589482612383,607,0.12273339783402513,0.3805743459091964,0.40335195530726253,0.010219342350666738
1e-05,0.01,2004,0,11852,729063,4445,0.37504218697266284,673,0.12756695064410536,0.37758102570708807,0.40584926884139483,0.01038122043725909
1e-05,0.01,2005,0,11904,813759,4475,0.37592405913978494,622,0.12173857245404325,0.37993280711752137,0.4031284916201118,0.011486201974021188
1e-05,0.01,2006,0,11953,886508,4639,0.3881034050029281,735,0.11435289464316077,0.3801587919750419,0.40482862685923693,0.012410667797378197
1e-05,0.01,2007,0,11979,925520,4552,0.37999833041155356,744,0.11958927650334661,0.3785688541557501,0.3782952548330404,0.012900630313545727
1e-05,0.01,2008,0,12012,982367,4480,0.372960372960373,557,0.12622628348214288,0.37806869182086533,0.3839285714285714,0.013617872705375827
1e-05,0.01,2009,0,12023,1048878,4554,0.3787740164684355,572,0.12216549794598713,0.37784463911330934,0.386034255599473,0.014513274223628359
1e-05,0.01,2010,0,12039,1117796,4522,0.3756125924080073,584,0.12386424343242267,0.37756195516417695,0.37682441397611677,0.015425803448423238
1e-05,0.01,2011,0,12038,1159409,4485,0.37257019438444927,545,0.12657432367771176,0.37686995788512284,0.37814938684503907,0.01600272946971957
1e-05,0.01,2012,0,12048,1184314,4574,0.3796480743691899,620,0.12325937233109172,0.37654680446571426,0.3808482728465238,0.01631935499197422
1e-05,0.01,2013,0,12047,1209154,4571,0.37943056362579897,536,0.1215908880431507,0.3765950783178779,0.36797199737475383,0.016664406209885706
1e-05,0.01,2014,0,12047,1225037,4558,0.3783514567942226,570,0.12268463743884343,0.37715302720569166,0.37275120666959194,0.01688330369013356
1e-05,0.01,2015,0,12047,1222659,4547,0.37743836639827344,619,0.12201129381569976,0.3771222269199633,0.37739168682647894,0.01685053039742882
1e-05,0.01,2016,0,12048,1214657,4469,0.37093293492695883,562,0.1259210850652072,0.3784043649538723,0.37323786081897514,0.016737468928414618
1e-05,0.01,2017,0,12044,1250722,4539,0.3768681501162405,628,0.12138208717273001,0.37901275390328143,0.3780568407138136,0.01724587966958761
1e-05,0.01,2018,0,12054,1326090,4538,0.37647254023560645,603,0.11973946659917595,0.38033604819619427,0.37659762009695896,0.018254782046294042
1e-05,0.01,2019,0,12046,1395946,4558,0.37838286568155405,641,0.11790330123698431,0.3826150258519707,0.3751645458534445,0.019241944209022463
1e-05,0.01,2020,0,12055,1474990,4607,0.3821650767316466,649,0.11332586301769246,0.38410729692713313,0.3796396787497287,0.02030115138588642
1e-05,0.01,2021,0,12046,1528199,4692,0.38950689025402624,866,0.10557339804597476,0.3864571312592093,0.379156010230179,0.021064940834590967
1e-05,0.01,2022,0,12045,1505270,4616,0.38322955583229557,777,0.10556755344232553,0.38809354116571443,0.35831889081455803,0.02075232932409586
1e-05,0.01,2023,0,12039,1552378,4668,0.3877398455021181,827,0.10190358759047176,0.3897932871064827,0.37317909168808916,0.02142312005558829
1e-05,0.05,1990,0,10144,356339,3155,0.3110212933753943,795,0.11040106891433364,0.39190276805463503,,0.006926561371130997
1e-05,0.05,1991,0,10220,375583,3214,0.3144814090019569,771,0.10682185785663144,0.39300549007300684,0.5133789670192905,0.007192446287363491
1e-05,0.05,1992,0,10444,401577,3325,0.3183646112600536,835,0.10433231952060604,0.39468823064076025,0.49864661654135334,0.007363879707656303
1e-05,0.05,1993,0,10517,416735,3354,0.3189122373300371,813,0.10596004237057616,0.3938375885194105,0.49284436493738815,0.00753611506853021
1e-05,0.05,1994,0,10635,437348,3324,0.31255289139633285,786,0.10774681744262998,0.3939938518871089,0.4906738868832732,0.007734335202686578
1e-05,0.05,1995,0,10800,454226,3331,0.30842592592592594,734,0.11098104908800918,0.39385695000083226,0.48483938757129996,0.007789232885075092
1e-05,0.05,1996,0,10942,484119,3506,0.3204167428258088,840,0.10125922182460256,0.3947313924043154,0.5042783799201369,0.00808776259617916
1e-05,0.05,1997,0,11029,496589,3483,0.3158037900081603,714,0.1059321066376376,0.39427337488790654,0.47487797875394777,0.008165714598236791
1e-05,0.05,1998,0,11136,518851,3591,0.3224676724137931,851,0.09987475263237768,0.3948266688099047,0.4722918407128933,0.008368607708943014
1e-05,0.05,1999,0,11303,560626,3586,0.31726090418472974,821,0.10224181602308538,0.3955411011933418,0.4762967094255438,0.00877716373706534
1e-05,0.05,2000,0,11511,620761,3753,0.32603596559812353,942,0.09680696689650682,0.3952065336033098,0.47029043431921125,0.009370570710100059
1e-05,0.05,2001,0,11605,660361,3675,0.3166738474795347,853,0.09896979962052846,0.39515070887074044,0.4536054421768707,0.00980750520441851
1e-05,0.05,2002,0,11836,955463,4312,0.3643122676579926,992,0.07005732804169064,0.41277344336249017,0.5141465677179963,0.01364176772745334
1e-05,0.05,2003,0,11878,896927,4107,0.3457652803502273,877,0.08162485032561825,0.40487355859865937,0.4170927684441198,0.012715604633750644
1e-05,0.05,2004,0,11931,918133,4064,0.3406252619227223,889,0.08442854776334552,0.40216344381862845,0.43553149606299213,0.01290084934447395
1e-05,0.05,2005,0,11980,1017324,4092,0.3415692821368948,878,0.08183337489931002,0.40428786769380215,0.42106549364613877,0.014177899805460891
1e-05,0.05,2006,0,12026,1102074,4063,0.33785132213537333,867,0.08178443998774167,0.4049629694918827,0.4129953236524735,0.015241737150933892
1e-05,0.05,2007,0,12052,1147307,4130,0.34268171257882507,841,0.08122812468854246,0.40347101007462094,0.4227602905569007,0.015798921075086816
1e-05,0.05,2008,0,12084,1213237,4198,0.34740152267461105,938,0.07762413690495779,0.4033032721441421,0.4130538351595998,0.016618436044655602
1e-05,0.05,2009,0,12097,1289813,4203,0.34744151442506405,864,0.07779613589626933,0.40330373684280113,0.4035212943135855,0.017629390053854797
1e-05,0.05,2010,0,12111,1367411,4133,0.34126001155973906,816,0.08107681857455663,0.4030431048003382,0.39656423905153637,0.018646825970698645
1e-05,0.05,2011,0,12111,1415224,4139,0.34175542894888944,884,0.08094769807885806,0.40237050177181144,0.40299589272771197,0.01929883234635089
1e-05,0.05,2012,0,12118,1443013,4144,0.34197062221488694,817,0.08162147254811346,0.40192759671771533,0.40588803088803094,0.01965505137148049
1e-05,0.05,2013,0,12118,1470773,4201,0.34667436870770757,927,0.07910274704206913,0.40212478694351816,0.40085693882408946,0.020033165931829078
1e-05,0.05,2014,0,12118,1488281,4114,0.339494966166034,833,0.08345053670913719,0.4023533659154761,0.3925619834710744,0.0202716396250057
1e-05,0.05,2015,0,12118,1486702,4058,0.3348737415415085,801,0.08510275232878804,0.40215951129132993,0.4038935436175456,0.02025013231625965
1e-05,0.05,2016,0,12119,1477750,4193,0.3459856423797343,843,0.08142305475566612,0.4031667199907738,0.41473885046506087,0.02012487678407152
1e-05,0.05,2017,0,12114,1519500,4172,0.34439491497440977,866,0.07920630528685504,0.40430014905376,0.3904602109300096,0.020710539562916432
1e-05,0.05,2018,0,12124,1606420,4090,0.337347410095678,895,0.07990447211578121,0.4057886193537943,0.3887530562347188,0.02185913968319828
1e-05,0.05,2019,0,12118,1686793,4123,0.34023766298068986,896,0.07738884739329879,0.40789312947678047,0.39728353140916806,0.022975540115060426
1e-05,0.05,2020,0,12127,1773356,4123,0.3399851570874907,910,0.07744614444657719,0.4090129544008277,0.4065001212709193,0.024118760382466607
1e-05,0.05,2021,0,12117,1833898,4081,0.3367995378393992,922,0.07708681123447209,0.4110473066846228,0.4035775545209508,0.024983357352203167
1e-05,0.05,2022,0,12115,1807885,4227,0.34890631448617415,1006,0.07287952352001219,0.41251370557150857,0.41542465105275606,0.02463711265198253
1e-05,0.05,2023,0,12110,1858611,4196,0.34649050371593726,989,0.07241587384962392,0.41385385982632317,0.4032411820781697,0.025349306147661357
1e-05,0.1,1990,0,10169,370544,2789,0.27426492280460224,606,0.12556204450691846,0.3950267322608522,,0.007167306818465804
1e-05,0.1,1991,0,10239,390339,2893,0.282547123742553,644,0.11237430325461092,0.39709620818636626,0.5292084341514,0.007447307266088483
1e-05,0.1,1992,0,10464,417402,3133,0.29940749235474007,863,0.09888180035043895,0.398973083286071,0.5240983083306735,0.007624837018519607
1e-05,0.1,1993,0,10535,432813,3266,0.31001423825344093,983,0.09194622995032417,0.3985969054477567,0.5088793631353337,0.007800140733524612
1e-05,0.1,1994,0,10649,454264,3087,0.2898863743074467,655,0.1164773559014054,0.3972191774293524,0.48590864917395526,0.008012378315258577
1e-05,0.1,1995,0,10818,471697,3110,0.28748382325753374,761,0.10764901107308654,0.39828727258888874,0.5038585209003215,0.008061935198412461
1e-05,0.1,1996,0,10963,502398,3206,0.2924382012222932,783,0.10333653874966972,0.39883404953535145,0.5074859638178415,0.008361008898868219
1e-05,0.1,1997,0,11049,515070,3180,0.2878088514797719,748,0.10670285985522725,0.3986628500749541,0.49088050314465403,0.00843897328135239
1e-05,0.1,1998,0,11154,537834,3284,0.29442352519275594,729,0.10321219332355154,0.39863329984383467,0.49573690621193667,0.008646809811036063
1e-05,0.1,1999,0,11313,580441,3423,0.3025722619994696,841,0.09581170970652804,0.3997758350814915,0.49488752556237214,0.009071328487548153
1e-05,0.1,2000,0,11526,642050,3381,0.2933368037480479,802,0.09961219162253074,0.3993384839211617,0.47352854185152327,0.009666723503176634
1e-05,0.1,2001,0,11617,682582,3415,0.29396573986399244,808,0.09800436880612402,0.3993299103209325,0.4808199121522694,0.010116591980357465
1e-05,0.1,2002,0,11842,982095,3967,0.33499408883634524,836,0.07057474225379294,0.4156933324593933,0.5356692714897908,0.014007804045384832
1e-05,0.1,2003,0,11891,923053,3881,0.3263812967790766,757,0.07941682471725003,0.4083129721021232,0.44241174954908524,0.013057390727196198
1e-05,0.1,2004,0,11939,944380,3897,0.32640924700561186,898,0.08034321552625738,0.40566692051777786,0.4398255068001027,0.013251872536682006
1e-05,0.1,2005,0,11991,1045235,3901,0.3253273288299558,850,0.07798202907240011,0.4077055134436818,0.4388618302999231,0.014540165619071128
1e-05,0.1,2006,0,12033,1131008,3843,0.3193717277486911,833,0.07888825849947413,0.4083769311607967,0.4249284413218839,0.015623701487575832
1e-05,0.1,2007,0,12060,1177178,3963,0.32860696517412935,973,0.07510635375711323,0.40704566853694185,0.4370426444612667,0.016188757954429967
1e-05,0.1,2008,0,12090,1243836,3963,0.32779156327543424,834,0.07453330131880376,0.40686032269056227,0.4100428967953571,0.017020661688835103
1e-05,0.1,2009,0,12106,1321604,3974,0.3282669750536924,857,0.0743186271914905,0.4068712401242724,0.41847005535983894,0.01803706526535908
1e-05,0.1,2010,0,12116,1399887,3836,0.31660614064047543,832,0.079632095259117,0.40653590494236347,0.40484880083420227,0.01907393476760009
1e-05,0.1,2011,0,12116,1448212,3867,0.31916474083856056,819,0.07824323482988048,0.40595657348258857,0.4212567882079131,0.019732379268937894
1e-05,0.1,2012,0,12123,1476313,3888,0.3207126948775056,861,0.07900827067350845,0.4054791091776946,0.4158950617283951,0.02009204096116331
1e-05,0.1,2013,0,12123,1504355,3974,0.3278066485193434,883,0.07637742963890347,0.4056805581140509,0.41343734272773025,0.020473681583872003
1e-05,0.1,2014,0,12123,1521946,3890,0.32087767054359484,802,0.08084746994799134,0.4058624093686331,0.40257069408740365,0.020713088195171793
1e-05,0.1,2015,0,12123,1520196,3944,0.3253320135280046,876,0.07886346991758868,0.40582219464061925,0.41658215010141986,0.020689271381473046
1e-05,0.1,2016,0,12124,1511235,3916,0.3229957109864731,820,0.08038575144427253,0.40673766166606246,0.41675178753830444,0.02056392285898965
1e-05,0.1,2017,0,12120,1553695,3983,0.3286303630363036,914,0.07558075877210757,0.4080797200999615,0.4132563394426312,0.021155649272328835
1e-05,0.1,2018,0,12129,1641773,3952,0.3258306538049303,905,0.07558221430444685,0.40975509370758967,0.4015688259109311,0.022321784984677687
1e-05,0.1,2019,0,12123,1723263,4018,0.33143611317330696,926,0.07006945598960972,0.41197576997660906,0.4245893479342957,0.02345293361425197
1e-05,0.1,2020,0,12132,1810959,3991,0.3289647213979558,941,0.07114384965772087,0.4132567918961769,0.411425707842646,0.024609886418793976
1e-05,0.1,2021,0,12122,1871915,3977,0.32808117472364295,991,0.07080093236638708,0.41525079583556235,0.40885089263263763,0.02548023265543263
1e-05,0.1,2022,0,12120,1845636,4028,0.3323432343234323,995,0.06972887897922092,0.41660881148020384,0.4227904667328699,0.02513081904774354
1e-05,0.1,2023,0,12116,1896692,3885,0.3206503796632552,965,0.07275535877852476,0.4178824192870289,0.4126126126126126,0.025843071249485813
1e-05,1.0,1990,0,10184,380887,2698,0.26492537313432835,851,0.10232025369806916,0.4028967583903332,,0.007345680102822203
1e-05,1.0,1991,0,10258,401076,2788,0.27178787287970363,846,0.09731525146714037,0.40444200167085553,0.5408895265423243,0.0076238373166227676
1e-05,1.0,1992,0,10478,428501,2901,0.2768658140866578,859,0.09302940979711855,0.4057586088790793,0.5339538090313685,0.007806682150885488
1e-05,1.0,1993,0,10546,444164,2878,0.2728996776028826,894,0.09593180346362451,0.4054864792615878,0.514593467685893,0.007988017362487105
1e-05,1.0,1994,0,10660,465848,3054,0.2864915572232645,896,0.09002504150353664,0.4050693665772824,0.5347085789129011,0.008199749104377966
1e-05,1.0,1995,0,10829,483666,3027,0.27952719549358207,903,0.09623803126775879,0.40508994319788655,0.5047902213412621,0.00824971516269831
1e-05,1.0,1996,0,10974,514859,3092,0.28175687989794057,1022,0.08959314108603936,0.40604008197206054,0.5158473479948253,0.008551217826761052
1e-05,1.0,1997,0,11058,527579,3089,0.27934527039247603,868,0.09349029404037194,0.4058006271349183,0.5011330527678861,0.008629857029343319
1e-05,1.0,1998,0,11163,550690,3165,0.2835259338887396,954,0.08839044745426004,0.4059432099778449,0.5020537124802528,0.008839226099904523
1e-05,1.0,1999,0,11327,593659,3250,0.28692504634943056,804,0.09020515976331361,0.40647204364921885,0.5,0.009254982332862798
1e-05,1.0,2000,0,11535,656240,3336,0.28920676202860857,979,0.08576106740506878,0.4061880519519209,0.49670263788968827,0.009864955903163065
1e-05,1.0,2001,0,11625,697107,3354,0.28851612903225804,905,0.08580450580284169,0.406007691547892,0.4862850327966607,0.010317652021401771
1e-05,1.0,2002,0,11846,999322,3893,0.3286341381056897,976,0.060962166148954076,0.42223719257447995,0.5399434883123555,0.014243891300392464
1e-05,1.0,2003,0,11898,939933,3783,0.3179525970751387,915,0.06857696154359744,0.4149979141982342,0.4546656093047846,0.01328053182656938
1e-05,1.0,2004,0,11946,961505,3781,0.31650761761259,873,0.07024592470558642,0.41254350190077765,0.449616503570484,0.013476368508294301
1e-05,1.0,2005,0,11996,1063269,3784,0.3154384794931644,974,0.06846913565072031,0.41471651771667684,0.4466173361522199,0.014778706977635035
1e-05,1.0,2006,0,12037,1149643,3794,0.3151948159840492,1000,0.06608970299357336,0.41524048647291306,0.4388508170795994,0.015870571111842396
1e-05,1.0,2007,0,12065,1196182,3738,0.3098217985909656,882,0.06988026031436856,0.4138022836290614,0.43392188336008564,0.016436471983651772
1e-05,1.0,2008,0,12093,1263274,3781,0.3126602166542628,938,0.0681505076853525,0.41365832052315077,0.4377148902406771,0.01727807528920685
1e-05,1.0,2009,0,12110,1341615,3783,0.3123864574731627,875,0.06773439813000952,0.41368529272599114,0.43325403119217554,0.01829807817090004
1e-05,1.0,2010,0,12120,1420371,3773,0.3113036303630363,972,0.06866544966470862,0.41325672381849027,0.42512589451364957,0.01934026350898148
1e-05,1.0,2011,0,12119,1468942,3671,0.30291278158263885,811,0.07264659336383192,0.41271485406284003,0.41487333151729777,0.020004924211096318
1e-05,1.0,2012,0,12127,1497260,3837,0.31640141832275087,916,0.06785045463193279,0.41226728576989624,0.4386239249413605,0.020363680597833684
1e-05,1.0,2013,0,12126,1525346,3800,0.3133762163945242,889,0.07092673130193901,0.4123336751427835,0.4147368421052632,0.020749089882692213
1e-05,1.0,2014,0,12126,1542975,3749,0.3091703777008082,897,0.07297253127196507,0.41244701011226853,0.423046145638837,0.020988894953503676
1e-05,1.0,2015,0,12126,1541272,3740,0.30842817087250535,915,0.0724375875775687,0.41226253558573145,0.4302139037433155,0.02096572925859234
1e-05,1.0,2016,0,12127,1532144,3809,0.31409252082130784,954,0.07043597465510003,0.4130392149124223,0.42924652139669206,0.02083812500560176
1e-05,1.0,2017,0,12123,1574808,3889,0.3207951827105502,1012,0.06630783623278032,0.414254717903446,0.4175880689123168,0.021432519284167836
1e-05,1.0,2018,0,12133,1663423,3726,0.30709634880079123,924,0.07190942410745284,0.4156906763920777,0.40874932903918415,0.022601231232398995
1e-05,1.0,2019,0,12127,1745407,3841,0.31673126082295705,950,0.06494995926668788,0.4177641703626409,0.4350429575631346,0.02373863634988118
1e-05,1.0,2020,0,12135,1833436,3809,0.3138854552946024,956,0.06780468610049531,0.4185551385561228,0.42793384090312414,0.024903017798299433
1e-05,1.0,2021,0,12125,1894742,3861,0.31843298969072165,1015,0.06495821750937007,0.42037723190075327,0.432012432012432,0.025778188954684752
1e-05,1.0,2022,0,12124,1868168,3760,0.31012867040580666,1017,0.06803177342689003,0.4217491745545429,0.4114361702127659,0.025420839670622353
1e-05,1.0,2023,0,12119,1919502,3816,0.31487746513738757,1049,0.06384996527915121,0.42294178484830885,0.4295073375262054,0.026140917771462595
0.00025,0.005,1990,0,2343,98976,1098,0.4686299615877081,130,0.19053188277411154,0.2698910765757284,,0.03607453274885709
0.00025,0.005,1991,0,2346,104930,1157,0.49317988064791135,134,0.1358630977948663,0.23947949783741188,0.33102852203975797,0.03814686159992874
0.00025,0.005,1992,0,2354,112368,1134,0.4817332200509771,123,0.1897576588934614,0.26187919595343107,0.3121693121693122,0.04057366705169669
0.00025,0.005,1993,0,2360,117541,1171,0.4961864406779661,106,0.13447307949514345,0.22911358393952932,0.3134073441502989,0.042225950381158346
0.00025,0.005,1994,0,2368,122647,1201,0.5071790540540541,105,0.1365410867019643,0.2388285057132942,0.2964196502914238,0.04376298827344455
0.00025,0.005,1995,0,2362,127514,1163,0.49237933954276036,122,0.17991762342623552,0.25044995672337744,0.3164230438521066,0.04573113546729041
0.00025,0.005,1996,0,2367,136495,1076,0.4545838614279679,94,0.23024661074335617,0.2579223914832072,0.26301115241635686,0.04874541142455737
0.00025,0.005,1997,0,2377,140630,1149,0.48338241480858224,109,0.19639054962085317,0.2558775153713087,0.3246301131418625,0.049800345340942735
0.00025,0.005,1998,0,2377,147686,1206,0.507362221287337,83,0.12803175938989408,0.22159215468135904,0.3150912106135987,0.05229903862634195
0.00025,0.005,1999,0,2377,160029,1199,0.5044173327724022,95,0.1445846239672899,0.22209285386257102,0.2602168473728107,0.056669981259800356
0.00025,0.005,2000,0,2379,177619,1100,0.46237915090374104,96,0.21586280991735535,0.2482217532401368,0.26090909090909087,0.06279327349519963
0.00025,0.005,2001,0,2381,188174,1110,0.46619067618647625,84,0.21928090252414578,0.24488125905310026,0.26396396396396393,0.06641302468068286
0.00025,0.005,2002,0,2384,286911,1099,0.46098993288590606,101,0.24273617922157703,0.2662365728260332,0.3257506824385805,0.10100593690768221
0.00025,0.005,2003,0,2386,265360,1090,0.45683151718357085,82,0.23835704065314373,0.24637692053402607,0.26055045871559634,0.09326240947807002
0.00025,0.005,2004,0,2386,270247,1051,0.4404861693210394,82,0.24533111956262943,0.2406570834878403,0.25023786869647957,0.09497997578466984
0.00025,0.005,2005,0,2388,301866,1072,0.4489112227805695,79,0.24957535085765206,0.23954713797051705,0.2546641791044776,0.1059149960106355
0.00025,0.005,2006,0,2388,327279,1150,0.4815745393634841,78,0.19270775047258978,0.2289597544752746,0.2704347826086957,0.11483159408268827
0.00025,0.005,2007,0,2388,339313,1127,0.4719430485762144,65,0.1966627011901941,0.22580798706678387,0.18012422360248448,0.11905393466424427
0.00025,0.005,2008,0,2390,358144,1149,0.48075313807531384,59,0.15134892338363626,0.20501413417798417,0.2280243690165361,0.12545085477195864
0.00025,0.005,2009,0,2390,379710,1105,0.46234309623430964,68,0.20312851907209106,0.22469769685029986,0.20723981900452493,0.13300500375675822
0.00025,0.005,2010,0,2389,402715,1079,0.451653411469234,74,0.19660963666457373,0.2148150743625989,0.24837812789620017,0.1411813497514081
0.00025,0.005,2011,0,2389,415595,1067,0.44663038928421933,74,0.21316587160701594,0.2232052640598381,0.26897844423617623,0.14569674099533528
0.00025,0.005,2012,0,2390,423993,1088,0.45523012552301256,61,0.21450414954584776,0.22633605084196118,0.20128676470588236,0.14851647456700953
0.00025,0.005,2013,0,2390,432813,1026,0.4292887029288703,68,0.24566533292295065,0.23295476600969792,0.182261208576998,0.15160594846323194
0.00025,0.005,2014,0,2390,439951,1090,0.4560669456066946,60,0.22756165305950676,0.22036256864008288,0.3211009174311926,0.15410625058015207
0.00025,0.005,2015,0,2390,437677,1052,0.4401673640167364,79,0.23171868900808174,0.23227706642999219,0.2861216730038023,0.15330971275248656
0.00025,0.005,2016,0,2390,438099,1084,0.4535564853556485,63,0.1735066243651367,0.21191773857400692,0.2592250922509225,0.15345753111804278
0.00025,0.005,2017,0,2390,451217,1042,0.43598326359832634,71,0.23116625712401587,0.23067330668532124,0.2312859884836852,0.15805251054782116
0.00025,0.005,2018,0,2390,476303,1074,0.44937238493723847,75,0.18984010070430596,0.21629070828740682,0.24674115456238366,0.16683964684721292
0.00025,0.005,2019,0,2390,500364,1085,0.45397489539748953,81,0.21625517636815395,0.22841951416363965,0.256221198156682,0.17526774564732708
0.00025,0.005,2020,0,2390,523595,1098,0.4594142259414226,83,0.21884632101419704,0.2352080897479416,0.2295081967213115,0.18340511164314824
0.00025,0.005,2021,0,2390,541955,1109,0.4640167364016736,90,0.21949359328260212,0.23993547397117776,0.236248872858431,0.18983626138630508
0.00025,0.005,2022,0,2390,537472,1138,0.47615062761506277,98,0.21095808327747928,0.24246050402985087,0.21089630931458703,0.18826595396263557
0.00025,0.005,2023,0,2390,553354,1068,0.44686192468619246,68,0.2270634319460225,0.23960326020025247,0.2612359550561798,0.1938291086587585
0.00025,0.01,1990,0,2456,142994,1042,0.4242671009771987,159,0.18468101723763164,0.2747178281498671,,0.047431619310454635
0.00025,0.01,1991,0,2457,151283,1035,0.42124542124542125,147,0.1936950687297253,0.2786226186836413,0.3188405797101449,0.05014026268097929
0.00025,0.01,1992,0,2464,161434,1075,0.4362824675324675,137,0.14066241211465658,0.234186229037667,0.32837209302325576,0.0532010113313402
0.00025,0.01,1993,0,2471,167987,1053,0.4261432618373128,139,0.22633744855967075,0.29207793818533667,0.3855650522317189,0.05504729354438614
0.00025,0.01,1994,0,2478,175598,1061,0.4281678773204197,135,0.22228864878597804,0.28687291824714073,0.31950989632422244,0.05721662702838674
0.00025,0.01,1995,0,2473,182427,980,0.39627982207844725,125,0.23980424822990426,0.27563991363103363,0.3153061224489796,0.059682434368853524
0.00025,0.01,1996,0,2476,194746,973,0.3929725363489499,118,0.2517140596728314,0.2796259470355191,0.28776978417266186,0.06355836229826536
0.00025,0.01,1997,0,2487,200129,993,0.39927623642943305,114,0.23615966346500017,0.27223165213409617,0.2930513595166163,0.06473857138374577
0.00025,0.01,1998,0,2488,209978,976,0.39228295819935693,108,0.259021852324644,0.2759966300919079,0.29405737704918034,0.06786996562187685
0.00025,0.01,1999,0,2487,226392,1016,0.4085243264977885,137,0.24102160704321404,0.27517164124789284,0.34842519685039375,0.07323423718056339
0.00025,0.01,2000,0,2488,250140,949,0.38143086816720256,102,0.2611866964393777,0.26736903051722705,0.29399367755532135,0.08085129490068614
0.00025,0.01,2001,0,2490,264008,953,0.3827309236947791,107,0.2355217796784661,0.25691228932480953,0.29800629590766003,0.08519671292643455
0.00025,0.01,2002,0,2493,390761,1027,0.4119534697152026,133,0.21825606387991606,0.2907893513922438,0.3456669912366115,0.1257971759127805
0.00025,0.01,2003,0,2495,364620,1053,0.4220440881763527,129,0.21968165842809714,0.27452007162786446,0.33143399810066476,0.11719348882207077
0.00025,0.01,2004,0,2495,371494,931,0.37314629258517035,117,0.2419825072886297,0.2573728496950738,0.2975295381310419,0.11940287953613724
0.00025,0.01,2005,0,2497,411620,976,0.3908690428514217,101,0.2522213450685299,0.2697243669278553,0.32377049180327866,0.13208799277081215
0.00025,0.01,2006,0,2497,442981,1032,0.4132959551461754,138,0.22293018748873267,0.2691352327631094,0.27422480620155043,0.14215167174968937
0.00025,0.01,2007,0,2497,458119,978,0.3916700040048058,114,0.23886860627046558,0.2650734024981642,0.2331288343558282,0.14700942412946819
0.00025,0.01,2008,0,2499,481516,969,0.3877551020408163,100,0.2431528040035742,0.26470939478216965,0.24045407636738902,0.1542701948673785
0.00025,0.01,2009,0,2499,508005,1002,0.4009603841536615,118,0.23218433392695645,0.2640229916610066,0.2704590818363274,0.16275685614518026
0.00025,0.01,2010,0,2499,535575,916,0.36654661864745897,96,0.24598119791765982,0.2527755470389545,0.28165938864628826,0.17158985291474477
0.00025,0.01,2011,0,2498,551207,986,0.3947157726180945,104,0.2388489563832807,0.260854897491205,0.33569979716024345,0.17673954942889034
0.00025,0.01,2012,0,2499,561144,949,0.37975190076030413,90,0.23407813226945118,0.24958177500340029,0.2961011591148578,0.17978176058253564
0.00025,0.01,2013,0,2499,571856,993,0.39735894357743096,115,0.22970562314854528,0.25904875491389573,0.3423967774420946,0.1832137178330099
0.00025,0.01,2014,0,2499,580197,934,0.37374949979991995,100,0.23401455369138285,0.25108740253958917,0.28372591006423986,0.1858860437689888
0.00025,0.01,2015,0,2499,577805,974,0.3897559023609444,97,0.21303163566907984,0.24643777941600942,0.23716632443531827,0.18511968438296056
0.00025,0.01,2016,0,2499,577650,997,0.3989595838335334,106,0.23421820124365073,0.2600834174670001,0.3329989969909729,0.1850700248073609
0.00025,0.01,2017,0,2499,593837,920,0.3681472589035614,95,0.228312854442344,0.24925241106158957,0.29130434782608694,0.19025608642175845
0.00025,0.01,2018,0,2499,624133,1004,0.4017607042817127,92,0.232990349359534,0.2634811681766236,0.34362549800796816,0.19996245095315948
0.00025,0.01,2019,0,2499,652281,983,0.3933573429371749,103,0.2331134888216672,0.26631898925087655,0.24211597151576802,0.2089806298820569
0.00025,0.01,2020,0,2499,679812,984,0.3937575030012005,97,0.2319841033776192,0.2694187373261605,0.24390243902439024,0.2178011316616318
0.00025,0.01,2021,0,2499,700857,1060,0.4241696678671469,143,0.19928978284086865,0.2732521334420141,0.26415094339622647,0.2245436204906302
0.00025,0.01,2022,0,2499,695634,1044,0.4177671068427371,141,0.21022702250407366,0.27573208236928975,0.2270114942528736,0.22287025298510116
0.00025,0.01,2023,0,2499,713885,1052,0.42096838735494196,155,0.20567017016293423,0.2795215341038651,0.23669201520912553,0.2287175879158709
0.00025,0.05,1990,0,2527,199579,766,0.3031262366442422,148,0.2213731090947514,0.32927046167555407,,0.06253256594417661
0.00025,0.05,1991,0,2527,209952,782,0.30945785516422636,146,0.216328386130389,0.32941432682399063,0.36700767263427114,0.06578265892259089
0.00025,0.05,1992,0,2535,223632,773,0.304930966469428,148,0.21858185962522322,0.3282482239167059,0.35963777490297544,0.06962727030725331
0.00025,0.05,1993,0,2541,231679,813,0.31995277449822906,139,0.20684933786607237,0.3266693319727123,0.3825338253382534,0.07179236892909048
0.00025,0.05,1994,0,2548,242034,789,0.3096546310832025,138,0.20309515662925434,0.3239991531048185,0.3257287705956907,0.07458955313574193
0.00025,0.05,1995,0,2543,250455,744,0.29256783326779395,157,0.22519583188807957,0.32132685951730805,0.33467741935483875,0.07748859661037086
0.00025,0.05,1996,0,2547,266001,772,0.3031016882606989,183,0.21267349459045887,0.32002971482111775,0.3536269430051814,0.08204005081529307
0.00025,0.05,1997,0,2557,272654,719,0.2811888932342589,139,0.2358572503535083,0.3185175755900525,0.29624478442280944,0.08343538832613287
0.00025,0.05,1998,0,2558,285196,738,0.28850664581704455,168,0.21859049213798368,0.3170613855399535,0.33062330623306235,0.08720515483871559
0.00025,0.05,1999,0,2557,305095,702,0.2745404771216269,131,0.24049317781511514,0.3161672673519355,0.3233618233618234,0.09336272272316382
0.00025,0.05,2000,0,2558,334057,661,0.25840500390930415,144,0.24613831791101823,0.313993288185415,0.3479576399394856,0.10214551539978406
0.00025,0.05,2001,0,2560,350985,664,0.259375,133,0.24023806067644063,0.31237500472201346,0.3132530120481928,0.1071539786049238
0.00025,0.05,2002,0,2563,498365,809,0.31564572766289506,172,0.1836248875062836,0.33322884372612316,0.46600741656365885,0.15179231987787536
0.00025,0.05,2003,0,2565,468782,782,0.3048732943469786,176,0.18684139951988804,0.32039010722997047,0.350383631713555,0.14255929301499545
0.00025,0.05,2004,0,2565,476636,680,0.2651072124756335,121,0.23827854671280274,0.3152294624625239,0.2602941176470588,0.14494773943004505
0.00025,0.05,2005,0,2567,522245,760,0.2960654460459681,181,0.19376385041551247,0.3170250679622124,0.3526315789473684,0.15857026999864277
0.00025,0.05,2006,0,2567,557701,779,0.30346708219711727,170,0.1933900313261628,0.31704905520057014,0.3029525032092426,0.16933584457201709
0.00025,0.05,2007,0,2567,574652,726,0.2828204129333853,123,0.2145724715221335,0.31411603361262286,0.27410468319559234,0.1744827098301756
0.00025,0.05,2008,0,2569,600628,717,0.27909692487349164,154,0.21166957472344286,0.3145664267927412,0.2900976290097629,0.1820859541453394
0.00025,0.05,2009,0,2569,630113,718,0.27948618139353837,133,0.2113461254956122,0.3140687417341969,0.2896935933147632,0.19102460562008805
0.00025,0.05,2010,0,2569,660237,750,0.2919423900350331,168,0.19348622222222212,0.31285264725354384,0.31866666666666665,0.20015697587700948
0.00025,0.05,2011,0,2568,677558,668,0.2601246105919003,126,0.18810283624368027,0.2521162843650859,0.3203592814371258,0.20556803522300174
0.00025,0.05,2012,0,2569,688294,741,0.2884390813546127,118,0.2113877551763766,0.3102661002083797,0.3765182186234818,0.20866271589488375
0.00025,0.05,2013,0,2569,700172,762,0.2966134682755936,165,0.19121871577076485,0.31057810293062355,0.29265091863517056,0.21226364186459937
0.00025,0.05,2014,0,2569,709332,748,0.2911638769949397,139,0.20712988647087419,0.3097790711819353,0.27005347593582885,0.21504058090169273
0.00025,0.05,2015,0,2569,707618,766,0.29817049435578047,132,0.2087579845796208,0.30936333641259617,0.2924281984334204,0.21452096588973005
0.00025,0.05,2016,0,2569,707685,816,0.317633320358116,130,0.19212262110726644,0.30950522214473575,0.30637254901960786,0.21454127756172625
0.00025,0.05,2017,0,2569,726460,803,0.31257298559750873,168,0.18834569616739216,0.31200499994388775,0.25155666251556663,0.22023309310991707
0.00025,0.05,2018,0,2569,759469,804,0.31296224211755547,143,0.19050580431177455,0.3137908864600538,0.28233830845771146,0.2302400778998095
0.00025,0.05,2019,0,2569,790173,790,0.3075126508369015,157,0.1890594456016664,0.3168006838775629,0.2784810126582279,0.2395482805411757
0.00025,0.05,2020,0,2569,818905,771,0.300116776956014,114,0.1994361088821262,0.31774141631795183,0.29182879377431903,0.24825865307542966
0.00025,0.05,2021,0,2569,841612,827,0.3219151420786298,188,0.1666327937549073,0.3224676459281642,0.31438935912938326,0.25514249092644264
0.00025,0.05,2022,0,2569,836050,824,0.32074737251848967,174,0.1717291921953059,0.32448407432985216,0.25,0.253456318991474
0.00025,0.05,2023,0,2569,855123,829,0.3226936551187232,168,0.17404520393864745,0.3266929963320845,0.2762364294330518,0.25923847600615535
0.00025,0.1,1990,0,2532,207112,704,0.27804107424960506,166,0.2128785188533058,0.336349336751993,,0.06463673513207163
0.00025,0.1,1991,0,2532,217651,729,0.28791469194312796,178,0.2060755568350954,0.33666646759257196,0.4046639231824417,0.0679258084429223
0.00025,0.1,1992,0,2541,231784,711,0.2798110979929162,161,0.20937804759841816,0.3356787668558143,0.3642756680731364,0.07182490618424762
0.00025,0.1,1993,0,2546,239951,694,0.27258444619010214,153,0.21365927796094972,0.3341861371673376,0.3501440922190202,0.07406386534908953
0.00025,0.1,1994,0,2553,250637,711,0.2784958871915394,190,0.2022843759210794,0.3325740137354785,0.35443037974683544,0.0769384963537887
0.00025,0.1,1995,0,2548,259159,674,0.2645211930926217,164,0.2169209907633245,0.32988325278808855,0.33827893175074186,0.07986710132091253
0.00025,0.1,1996,0,2552,274957,689,0.2699843260188088,138,0.1944531630157503,0.2641865241544232,0.4049346879535559,0.0844702243511365
0.00025,0.1,1997,0,2563,281687,649,0.2532188841201717,157,0.2207188491955147,0.32743562105970886,0.36055469953775043,0.08579640064900038
0.00025,0.1,1998,0,2563,294418,613,0.2391728443230589,125,0.25131131093836906,0.32559482948136736,0.31973898858075045,0.08967401650156874
0.00025,0.1,1999,0,2562,314585,597,0.23302107728337237,125,0.26090530822734537,0.32467769838379906,0.33668341708542715,0.09589132123874572
0.00025,0.1,2000,0,2563,343869,585,0.22824814670308233,141,0.2602586017970633,0.32316958209573016,0.31965811965811963,0.10473583266097161
0.00025,0.1,2001,0,2565,360981,588,0.22923976608187135,143,0.24614165394048768,0.3219337052506579,0.34523809523809523,0.10977639105564223
0.00025,0.1,2002,0,2568,509369,755,0.2940031152647975,177,0.17812376650146924,0.33924592920210594,0.5059602649006623,0.1545402526920281
0.00025,0.1,2003,0,2570,479698,592,0.23035019455252917,142,0.24492672571219867,0.3279466011770904,0.29391891891891897,0.14531173085865143
0.00025,0.1,2004,0,2570,487492,629,0.24474708171206225,133,0.22697091555223045,0.3229209567975051,0.32273449920508746,0.14767271554133163
0.00025,0.1,2005,0,2572,533433,646,0.2511664074650078,139,0.22501413796739161,0.32422117891115526,0.30959752321981426,0.16133806126837624
0.00025,0.1,2006,0,2572,568995,653,0.25388802488335926,114,0.221709673107275,0.32399246669980253,0.31546707503828486,0.17209387152913252
0.00025,0.1,2007,0,2572,586088,649,0.2523328149300155,119,0.21935133107471258,0.3222510482016461,0.3035439137134053,0.17726368944677232
0.00025,0.1,2008,0,2574,612170,634,0.2463092463092463,152,0.22193971479465413,0.32250272147812886,0.29179810725552047,0.18486458051168506
0.00025,0.1,2009,0,2574,641762,645,0.2505827505827506,157,0.21060032449972965,0.32251698775663334,0.31317829457364343,0.19380084440325404
0.00025,0.1,2010,0,2574,671990,635,0.2466977466977467,146,0.21538099076198153,0.3209208786465589,0.2929133858267716,0.20292916911649908
0.00025,0.1,2011,0,2573,689360,623,0.24212980956082394,121,0.23001888547364405,0.320200050543203,0.2921348314606742,0.20833648142965683
0.00025,0.1,2012,0,2574,700129,630,0.24475524475524477,150,0.2291559586797681,0.3191658957019357,0.2761904761904762,0.2114266525459685
0.00025,0.1,2013,0,2574,712021,672,0.26107226107226106,164,0.214719742063492,0.3188533178907728,0.3125,0.21501782753240195
0.00025,0.1,2014,0,2574,721254,659,0.25602175602175603,109,0.230162037943175,0.31732512060133955,0.27617602427921095,0.217806031253369
0.00025,0.1,2015,0,2574,719543,697,0.2707847707847708,143,0.20663882307655895,0.3177519201381856,0.3113342898134863,0.21728933932587255
0.00025,0.1,2016,0,2574,719587,713,0.277000777000777,154,0.20651731321146652,0.3179794312169689,0.2861150070126227,0.21730262655252938
0.00025,0.1,2017,0,2574,738474,690,0.2680652680652681,149,0.21072883847931112,0.32045739768725573,0.2840579710144927,0.22300616859497543
0.00025,0.1,2018,0,2574,771609,726,0.28205128205128205,146,0.19470816352859924,0.32277064443630304,0.2975206611570248,0.2330123562148436
0.00025,0.1,2019,0,2574,802377,716,0.27816627816627815,146,0.190700976873381,0.3255958189284824,0.2807262569832403,0.24230375143705887
0.00025,0.1,2020,0,2574,831222,694,0.26961926961926963,133,0.2004252173840826,0.3282747991520762,0.26801152737752165,0.2510144344578857
0.00025,0.1,2021,0,2574,853932,751,0.29176379176379175,181,0.17117168231971225,0.33177716622966774,0.31957390146471376,0.2578724553073562
0.00025,0.1,2022,0,2574,848331,754,0.29292929292929293,180,0.16744999261234508,0.3334594335735267,0.3037135278514589,0.25618105175042605
0.00025,0.1,2023,0,2574,867472,769,0.2987567987567988,178,0.16663087352733785,0.33564824644983027,0.2899869960988296,0.2619612973285729
0.00025,1.0,1990,0,2535,212033,633,0.24970414201183433,197,0.19785170044598183,0.3487540138867961,,0.06601595033384239
0.00025,1.0,1991,0,2536,222756,659,0.25985804416403785,185,0.1947149426293114,0.3489631423658634,0.417298937784522,0.06929983387153976
0.00025,1.0,1992,0,2544,237025,603,0.23702830188679244,167,0.21671355769521655,0.3482361497000288,0.34825870646766166,0.0732758194278535
0.00025,1.0,1993,0,2549,245252,639,0.25068654374264415,158,0.19443281144001898,0.3472196525315514,0.39280125195618154,0.07552196724421126
0.00025,1.0,1994,0,2556,256015,606,0.23708920187793428,169,0.21443431471860055,0.34544190420651283,0.3564356435643564,0.07840498087459306
0.00025,1.0,1995,0,2551,264611,586,0.2297138377107017,153,0.21826113291942825,0.3431776179876468,0.33105802047781574,0.08135556221704676
0.00025,1.0,1996,0,2555,280612,588,0.23013698630136986,149,0.21857790735341748,0.3419275149895832,0.3520408163265306,0.08600514598948428
0.00025,1.0,1997,0,2566,287342,560,0.2182385035074045,155,0.22823979591836735,0.3415802474505655,0.36250000000000004,0.08731424126263523
0.00025,1.0,1998,0,2566,300173,563,0.21940763834762275,162,0.2324549088396658,0.33957806481321784,0.34458259325044405,0.0912131806089225
0.00025,1.0,1999,0,2565,320388,573,0.22339181286549709,171,0.21785160616333007,0.3389276219317541,0.3403141361256544,0.09743182709764531
0.00025,1.0,2000,0,2566,349889,519,0.20226032735775526,130,0.25660359146275824,0.33732057673957294,0.3063583815028902,0.10632031711737992
0.00025,1.0,2001,0,2568,367066,501,0.19509345794392524,134,0.26802682061027644,0.3360720403133502,0.3173652694610778,0.11136616557869047
0.00025,1.0,2002,0,2571,515954,659,0.25632049786075456,203,0.1662448967373659,0.35326760173798777,0.5265553869499242,0.156172937599414
0.00025,1.0,2003,0,2573,486275,550,0.2137582588418189,155,0.22243305785123965,0.3426608833373578,0.31272727272727274,0.14696069181154459
0.00025,1.0,2004,0,2573,494070,531,0.20637388262728332,136,0.2278081011203677,0.3381459542152367,0.3389830508474576,0.1493164752523363
0.00025,1.0,2005,0,2575,540158,564,0.21902912621359225,128,0.21553870529651414,0.3393872408881557,0.3634751773049646,0.16299152842842163
0.00025,1.0,2006,0,2575,575792,533,0.20699029126213592,133,0.22902329903656948,0.33992596760443705,0.31707317073170727,0.17374401219061414
0.00025,1.0,2007,0,2575,592894,550,0.21359223300970873,133,0.22091239669421486,0.33775767363068226,0.3290909090909091,0.17890450434139754
0.00025,1.0,2008,0,2577,619069,572,0.22196352347691115,137,0.20641596166071688,0.33735163684345515,0.32867132867132864,0.18651285740798318
0.00025,1.0,2009,0,2577,648748,580,0.22506790842064417,131,0.20844827586206896,0.337092678442708,0.32413793103448274,0.19545453449892383
0.00025,1.0,2010,0,2577,679008,561,0.21769499417927823,122,0.214122985120154,0.33561639174285807,0.2994652406417112,0.20457125503438203
0.00025,1.0,2011,0,2576,696420,526,0.20419254658385094,120,0.23019705359337275,0.33512467354689573,0.2737642585551331,0.2099801001025146
0.00025,1.0,2012,0,2577,707212,518,0.20100892510671323,107,0.2457253171538885,0.33358487570750606,0.28378378378378377,0.21306854472314815
0.00025,1.0,2013,0,2577,719103,553,0.2145906092355452,129,0.21613163772158434,0.33336759255526743,0.3327305605786618,0.2166510603836615
0.00025,1.0,2014,0,2577,728343,561,0.21769499417927823,146,0.21651240304904987,0.33265524682683295,0.3226381461675579,0.21943488383863946
0.00025,1.0,2015,0,2577,726610,593,0.23011253395421033,125,0.20816495994585507,0.3315514407342069,0.3271500843170321,0.21891276630103376
0.00025,1.0,2016,0,2577,726673,622,0.24136592937524254,106,0.21333526328305116,0.33059557899913355,0.32315112540192925,0.21893174691549952
0.00025,1.0,2017,0,2577,745597,610,0.236709351959643,134,0.20197258801397475,0.33345143732599464,0.31803278688524594,0.22463316196549987
0.00025,1.0,2018,0,2577,778818,640,0.24835079549864184,134,0.19314453125000003,0.335406092481293,0.3265625,0.23464197138084875
0.00025,1.0,2019,0,2577,809627,646,0.2506790842064416,110,0.2053168342455118,0.3367322681474718,0.3188854489164087,0.24392409441379426
0.00025,1.0,2020,0,2577,838475,663,0.2572759022118743,150,0.1829906112578457,0.33952615231398764,0.3076923076923077,0.2526154081615437
0.00025,1.0,2021,0,2577,861248,729,0.2828870779976717,158,0.16265022834143383,0.34182168595980233,0.3484224965706447,0.25947644837152356
0.00025,1.0,2022,0,2577,855620,697,0.2704695382227396,157,0.1701347648973157,0.3443412531271113,0.2797704447632712,0.2577808468125824
0.00025,1.0,2023,0,2577,874796,719,0.27900659681800544,165,0.16630461485489223,0.345884127580731,0.3129346314325452,0.2635581843204458
0.0005,0.005,1990,0,1341,62051,685,0.5108128262490679,82,0.20953487133038526,0.25233445934707804,,0.06906296259196189
0.0005,0.005,1991,0,1338,65551,712,0.5321375186846039,75,0.19187129150359805,0.2453038422571934,0.300561797752809,0.07328613130035899
0.0005,0.005,1992,0,1344,69726,710,0.5282738095238095,80,0.19877802023408053,0.24479286866694625,0.3014084507042254,0.07725906818423572
0.0005,0.005,1993,0,1347,73225,726,0.5389755011135857,67,0.18771486464950024,0.23914601572586086,0.2988980716253443,0.08077495419351352
0.0005,0.005,1994,0,1350,75689,756,0.56,72,0.12636824277035918,0.21612638771035075,0.2751322751322751,0.08312220300359663
0.0005,0.005,1995,0,1350,78715,756,0.56,60,0.14088001455726323,0.21326332538665416,0.2658730158730159,0.08644537792054471
0.0005,0.005,1996,0,1353,84584,769,0.5683665927568367,67,0.13357492293201617,0.211968424306182,0.2808842652795839,0.09247912812640767
0.0005,0.005,1997,0,1358,86960,788,0.5802650957290133,73,0.13543894457471206,0.20988184957606074,0.27030456852791873,0.09437781296566215
0.0005,0.005,1998,0,1354,91522,701,0.517725258493353,64,0.21231743525145455,0.23300492727005828,0.23252496433666192,0.09991691967409805
0.0005,0.005,1999,0,1355,98636,752,0.5549815498154982,57,0.18235414780443637,0.21863283008098003,0.3018617021276596,0.10752451394528717
0.0005,0.005,2000,0,1355,108446,717,0.5291512915129152,52,0.19195703467687508,0.21826602687933042,0.2301255230125523,0.11821853521341713
0.0005,0.005,2001,0,1357,114528,751,0.5534266764922623,59,0.20690566151478457,0.21821702485368333,0.25166444740346205,0.12448073248511488
0.0005,0.005,2002,0,1356,172624,702,0.5176991150442478,69,0.22664994602316535,0.23700171321656538,0.2649572649572649,0.18790233920038316
0.0005,0.005,2003,0,1357,159905,699,0.5151068533529846,57,0.2007998346298923,0.21154614742046363,0.23891273247496425,0.17380109255406795
0.0005,0.005,2004,0,1357,162209,755,0.5563743551952837,54,0.16564361212227532,0.1947605635661473,0.2582781456953642,0.17630531516902415
0.0005,0.005,2005,0,1357,179633,711,0.5239498894620487,55,0.21539164545093079,0.2067253710844659,0.21378340365682136,0.19524349869463048
0.0005,0.005,2006,0,1358,194134,790,0.5817378497790869,53,0.10154462425893285,0.16787401263214058,0.30506329113924047,0.21069390917980516
0.0005,0.005,2007,0,1358,199473,706,0.5198821796759941,48,0.20520989655642846,0.20003314257703764,0.21954674220963177,0.21648833355220246
0.0005,0.005,2008,0,1358,209797,720,0.5301914580265096,45,0.1952160493827161,0.19571619136946422,0.20416666666666672,0.22769298558828222
0.0005,0.005,2009,0,1358,221358,712,0.524300441826215,42,0.17952673273576564,0.19538767495646694,0.2050561797752809,0.2402401555019899
0.0005,0.005,2010,0,1358,232274,693,0.5103092783505154,47,0.20871048143775414,0.19850441082647421,0.20346320346320346,0.25208730598880186
0.0005,0.005,2011,0,1358,238477,700,0.5154639175257731,47,0.1986081632653061,0.19919085101837206,0.19571428571428573,0.25881943080280834
0.0005,0.005,2012,0,1358,243294,713,0.5250368188512519,44,0.20011645084574392,0.1990022445256259,0.18513323983169705,0.2640473278250668
0.0005,0.005,2013,0,1358,248260,734,0.540500736377025,45,0.1761910772223418,0.1929455700895769,0.1880108991825613,0.2694369347614453
0.0005,0.005,2014,0,1358,252261,702,0.5169366715758469,43,0.19628493275216918,0.19353609736445934,0.16239316239316237,0.2737792258110729
0.0005,0.005,2015,0,1358,250553,680,0.5007363770250368,49,0.21294982698961942,0.1989146965532633,0.19999999999999996,0.27192553095659555
0.0005,0.005,2016,0,1358,251298,731,0.5382916053019146,43,0.15520032337689316,0.1842464635210388,0.2571819425444597,0.272734080527196
0.0005,0.005,2017,0,1358,258793,749,0.5515463917525774,50,0.14410134741292793,0.18167783939475243,0.2016021361815754,0.28086841479786806
0.0005,0.005,2018,0,1358,271417,690,0.508100147275405,51,0.19091367359798364,0.1950951449690478,0.15362318840579714,0.29456926013915735
0.0005,0.005,2019,0,1358,283647,686,0.5051546391752577,41,0.2002226963255106,0.2000338526436762,0.18221574344023328,0.3078424967142499
0.0005,0.005,2020,0,1358,294701,701,0.5162002945508101,50,0.18308265550945155,0.20004303377686103,0.1925820256776034,0.31983941879937444
0.0005,0.005,2021,0,1358,304044,715,0.5265095729013255,59,0.20332925815443298,0.20709050992170913,0.23776223776223782,0.3299793901257105
0.0005,0.005,2022,0,1358,302594,695,0.5117820324005891,54,0.2222597174059314,0.21113438108167282,0.18129496402877698,0.3284057030419914
0.0005,0.005,2023,0,1358,310485,703,0.5176730486008837,58,0.2010465208039513,0.21121526618374287,0.22617354196301565,0.33696981668173426
0.0005,0.01,1990,0,1452,96783,664,0.4573002754820937,95,0.22654322107707936,0.2494327921626355,,0.091874512305563
0.0005,0.01,1991,0,1449,102053,699,0.4824016563146998,86,0.15473361700037452,0.22390125611557207,0.32618025751072965,0.09727893879947687
0.0005,0.01,1992,0,1453,108250,643,0.4425326909841707,89,0.29662908847282266,0.2689529042041129,0.30171073094867806,0.10261850185519084
0.0005,0.01,1993,0,1457,112841,658,0.45161290322580644,93,0.2806838443842906,0.2652278394519722,0.3237082066869301,0.10638392150059961
0.0005,0.01,1994,0,1461,117117,690,0.4722792607802875,82,0.18550304557866001,0.22115403597641398,0.3231884057971014,0.10981125706731175
0.0005,0.01,1995,0,1459,121588,661,0.453050034270048,91,0.27146097349406423,0.2548650942158203,0.29652042360060515,0.11431623027591854
0.0005,0.01,1996,0,1462,130032,652,0.44596443228454175,72,0.29526421769731653,0.2531470911056977,0.25920245398773,0.12175383500422757
0.0005,0.01,1997,0,1467,133125,676,0.4608043626448534,82,0.24659938377507787,0.2467408329336972,0.25591715976331364,0.12380139327134196
0.0005,0.01,1998,0,1464,139733,682,0.46584699453551914,76,0.2437930530353196,0.2427331278157423,0.25513196480938416,0.13047988824520318
0.0005,0.01,1999,0,1465,149732,620,0.4232081911262799,68,0.2699947970863683,0.2420605222470405,0.23709677419354835,0.13962587888621572
0.0005,0.01,2000,0,1465,163955,644,0.4395904436860068,59,0.25199645075421473,0.23106285981134916,0.2639751552795031,0.15288890132229246
0.0005,0.01,2001,0,1466,172382,598,0.40791268758526605,55,0.2796333374347043,0.23225476086320127,0.19732441471571904,0.16052782291671516
0.0005,0.01,2002,0,1466,249100,666,0.4542974079126876,86,0.2551650749848947,0.2631159535952765,0.36036036036036034,0.23197016329172274
0.0005,0.01,2003,0,1466,233597,649,0.4427012278308322,74,0.24355355281682617,0.2401860664849067,0.25115562403698,0.21753325666180873
0.0005,0.01,2004,0,1466,237110,612,0.417462482946794,76,0.2540369088811997,0.22956148571253837,0.24019607843137258,0.22080467851505572
0.0005,0.01,2005,0,1466,260095,633,0.43178717598908595,71,0.25945059634779094,0.23406600468520794,0.23854660347551337,0.24220907114155207
0.0005,0.01,2006,0,1467,278386,587,0.4001363326516701,61,0.28510690166555896,0.23481139896841585,0.20783645655877347,0.2588888237914427
0.0005,0.01,2007,0,1467,285591,596,0.40627130197682343,65,0.2755788027566326,0.22904883491022418,0.2768456375838926,0.265589210935255
0.0005,0.01,2008,0,1467,298886,573,0.39059304703476483,61,0.27208379399931165,0.23083673642229618,0.21640488656195467,0.2779530759008324
0.0005,0.01,2009,0,1467,313332,616,0.41990456714383095,58,0.2535419126328217,0.2256876577592464,0.2857142857142857,0.2913873288750882
0.0005,0.01,2010,0,1467,326845,601,0.4096796182685753,55,0.24254362529450355,0.2226699852813304,0.2312811980033278,0.30395392588748743
0.0005,0.01,2011,0,1467,334631,565,0.38513974096796183,54,0.27250685253347956,0.2291153091744587,0.2053097345132744,0.3111946218349854
0.0005,0.01,2012,0,1467,340518,602,0.4103612815269257,46,0.19427489762806147,0.1952188448487238,0.25249169435215946,0.31666931706269164
0.0005,0.01,2013,0,1467,346624,614,0.4185412406271302,51,0.23384863499877978,0.22253704380018932,0.2996742671009772,0.3223476743007372
0.0005,0.01,2014,0,1467,351386,584,0.39809134287661896,47,0.23637760367798838,0.20620689085765398,0.24486301369863017,0.3267761605712208
0.0005,0.01,2015,0,1467,349633,583,0.39740967961826856,51,0.2607233538007997,0.22645973133505565,0.22984562607204118,0.3251459345249886
0.0005,0.01,2016,0,1467,350306,626,0.4267211997273347,66,0.2681052169563842,0.22508236767420753,0.2763578274760383,0.3257717999722871
0.0005,0.01,2017,0,1467,359535,619,0.4219495569188821,58,0.24954784020294335,0.22222074392533708,0.20193861066235863,0.3343544332755826
0.0005,0.01,2018,0,1467,375065,607,0.41376959781867756,74,0.253253503198543,0.22434779525783646,0.214168039538715,0.34879676670284226
0.0005,0.01,2019,0,1467,389625,635,0.4328561690524881,60,0.246996093992188,0.22831918667427684,0.2188976377952756,0.36233703551809665
0.0005,0.01,2020,0,1467,402831,623,0.42467620995228356,63,0.274169155100495,0.23536394020067364,0.2825040128410915,0.37461813373061376
0.0005,0.01,2021,0,1467,413796,612,0.4171779141104294,81,0.23942180357981974,0.22895045792952284,0.28431372549019607,0.38481518370034345
0.0005,0.01,2022,0,1467,411914,579,0.3946830265848671,61,0.27735569336686144,0.23792376561806491,0.20725388601036265,0.3830649923603497
0.0005,0.01,2023,0,1467,420901,600,0.40899795501022496,69,0.25268888888888896,0.24086078542000222,0.23833333333333329,0.39142257449240264
0.0005,0.05,1990,0,1522,140144,469,0.30814717477003944,107,0.27019789871840916,0.30663300377238667,,0.12107671745799715
0.0005,0.05,1991,0,1519,146989,486,0.31994733377221857,96,0.25348439431658454,0.2594655306469155,0.38888888888888884,0.12749269030575383
0.0005,0.05,1992,0,1524,155668,456,0.2992125984251969,107,0.29642774699907654,0.30607128210283,0.3442982456140351,0.13413572810949517
0.0005,0.05,1993,0,1527,161237,457,0.29927963326784546,102,0.2857710594735908,0.30315401013095417,0.29540481400437635,0.13838886070821327
0.0005,0.05,1994,0,1531,167385,450,0.29392553886348793,108,0.30198518518518513,0.3010873338272818,0.3044444444444444,0.1429156901166737
0.0005,0.05,1995,0,1530,172876,453,0.296078431372549,107,0.2838228342811475,0.29812728818472767,0.2869757174392936,0.14779705647246907
0.0005,0.05,1996,0,1532,183580,444,0.2898172323759791,105,0.29265075886697517,0.29494111000259504,0.2927927927927928,0.15653858550785932
0.0005,0.05,1997,0,1537,187708,459,0.2986337020169161,90,0.2578068264342774,0.25413216770236263,0.3594771241830066,0.15901851550639776
0.0005,0.05,1998,0,1534,195873,430,0.2803129074315515,87,0.3001297998918335,0.291668193235429,0.3302325581395349,0.166585446130373
0.0005,0.05,1999,0,1535,208119,434,0.28273615635179156,98,0.291363163371488,0.2915342848654163,0.315668202764977,0.176769765871516
0.0005,0.05,2000,0,1535,225545,413,0.26905537459283385,96,0.31081263301068784,0.289786105206773,0.2808716707021792,0.19157086495462247
0.0005,0.05,2001,0,1536,235890,397,0.2584635416666667,83,0.32799522869886866,0.28777530564730014,0.2695214105793451,0.20009670195439738
0.0005,0.05,2002,0,1536,324348,492,0.3203125,118,0.22950955119307292,0.3085092302858496,0.44308943089430897,0.275132328990228
0.0005,0.05,2003,0,1537,307261,448,0.291476903057905,101,0.25057796556122447,0.2953306352085773,0.3214285714285714,0.26029891157015833
0.0005,0.05,2004,0,1536,311264,410,0.2669270833333333,79,0.29986912552052336,0.2898369287400545,0.25853658536585367,0.26403365906623233
0.0005,0.05,2005,0,1536,337314,444,0.2890625,68,0.2673991559126693,0.2898765461439527,0.2725225225225225,0.2861309039087948
0.0005,0.05,2006,0,1537,357538,435,0.2830188679245283,91,0.266249174263443,0.29105858096916887,0.2689655172413793,0.30289152298850575
0.0005,0.05,2007,0,1537,365608,426,0.2771633051398829,85,0.27047102647182003,0.2889760053814526,0.23943661971830987,0.30972809585773153
0.0005,0.05,2008,0,1537,380366,424,0.27586206896551724,81,0.2706812922748309,0.28809075687951297,0.2688679245283019,0.32223046790284104
0.0005,0.05,2009,0,1537,396388,422,0.2745608327911516,74,0.28161990970553225,0.2877014953349342,0.2819905213270142,0.3358036488831056
0.0005,0.05,2010,0,1537,411054,447,0.29082628497072216,89,0.25345705148416736,0.28651754657510253,0.30201342281879195,0.348228082303188
0.0005,0.05,2011,0,1537,419709,418,0.2719583604424203,65,0.28057965705913324,0.2847546501170078,0.27990430622009566,0.3555602431685101
0.0005,0.05,2012,0,1537,426014,435,0.2830188679245283,92,0.250838948341921,0.2841834215958583,0.29655172413793107,0.3609015804597701
0.0005,0.05,2013,0,1537,432716,417,0.27130774235523747,80,0.27473273180017127,0.28345401287930894,0.2517985611510791,0.3665792398612015
0.0005,0.05,2014,0,1537,438070,450,0.29277813923227064,92,0.2499160493827161,0.2823073341471156,0.2711111111111111,0.3711149289741921
0.0005,0.05,2015,0,1537,436649,453,0.2947299934938191,96,0.2574984527969047,0.2813373099043426,0.2715231788079471,0.3699111160811104
0.0005,0.05,2016,0,1537,437650,462,0.30058555627846456,77,0.2575757575757577,0.2800080747900796,0.26190476190476186,0.370759122207764
0.0005,0.05,2017,0,1537,448162,462,0.30058555627846456,83,0.2551582616517682,0.2827457410258312,0.25757575757575757,0.37966445727607895
0.0005,0.05,2018,0,1537,464955,484,0.3148991541964867,105,0.23626289187897004,0.28511285976204237,0.30165289256198347,0.3938907978204294
0.0005,0.05,2019,0,1537,480649,485,0.3155497722836695,96,0.24668721436922095,0.28754024691985164,0.2680412371134021,0.407186110659293
0.0005,0.05,2020,0,1537,494277,498,0.3240078074170462,105,0.24208480508378893,0.29018117611690053,0.30522088353413657,0.4187311930709174
0.0005,0.05,2021,0,1537,505947,505,0.328562134027326,103,0.22610724438780505,0.29334603040432766,0.24554455445544554,0.4286175382238126
0.0005,0.05,2022,0,1537,504004,500,0.32530904359141183,117,0.228016,0.2960006299190463,0.25,0.4269715083495988
0.0005,0.05,2023,0,1537,513330,508,0.3305139882888744,111,0.23371721743443488,0.2980713685078635,0.2716535433070866,0.43487211288223815
0.0005,0.1,1990,0,1527,145484,440,0.28814669286182054,126,0.25737603305785134,0.31519114125789177,,0.12486814447846152
0.0005,0.1,1991,0,1524,152442,444,0.29133858267716534,117,0.26224535346156963,0.3140907110663422,0.3513513513513513,0.1313559541104637
0.0005,0.1,1992,0,1530,161383,427,0.27908496732026145,132,0.2677741884176407,0.31495703433134936,0.30210772833723654,0.13797133416261642
0.0005,0.1,1993,0,1532,167017,418,0.27284595300261094,109,0.27779812733224957,0.3122183376797351,0.3038277511961722,0.1424153226700411
0.0005,0.1,1994,0,1536,173318,395,0.2571614583333333,101,0.2970741868290339,0.3107056433390167,0.2936708860759494,0.14701920466883822
0.0005,0.1,1995,0,1535,178852,404,0.26319218241042347,107,0.2888074698558966,0.3081060011254776,0.3143564356435643,0.15191129193227135
0.0005,0.1,1996,0,1537,189690,385,0.2504879635653871,84,0.3101028841288582,0.30477306822615846,0.3012987012987013,0.16069758458035133
0.0005,0.1,1997,0,1542,193860,397,0.25745784695201035,109,0.2987329403777702,0.30486798103323504,0.3022670025188917,0.1631665728202163
0.0005,0.1,1998,0,1539,202163,399,0.25925925925925924,98,0.29972801678381417,0.3018122425660394,0.29824561403508776,0.1708192119754185
0.0005,0.1,1999,0,1540,214533,375,0.2435064935064935,91,0.3198933333333334,0.30124953602515425,0.2613333333333333,0.1810359231411863
0.0005,0.1,2000,0,1540,232096,358,0.23246753246753246,85,0.33202771449080865,0.30015694545997496,0.2737430167597765,0.195856644979452
0.0005,0.1,2001,0,1541,242527,360,0.2336145360155743,100,0.3205246913580247,0.298629341951197,0.28055555555555556,0.20439333541215435
0.0005,0.1,2002,0,1541,331411,453,0.29396495781959764,101,0.23486786641911409,0.314946110551714,0.47902869757174393,0.2793016846877976
0.0005,0.1,2003,0,1542,314311,397,0.25745784695201035,99,0.2792543573019304,0.303876727990976,0.2770780856423174,0.2645468310620809
0.0005,0.1,2004,0,1541,318291,369,0.23945489941596365,81,0.29457039827850856,0.2988670507408429,0.31436314363143636,0.26824460419528556
0.0005,0.1,2005,0,1541,344452,387,0.2511356262167424,82,0.2775407460823,0.2990785346254944,0.30490956072351416,0.2902921867230758
0.0005,0.1,2006,0,1542,364724,397,0.25745784695201035,81,0.280117252187375,0.29902523709961965,0.27455919395466,0.30697805171402337
0.0005,0.1,2007,0,1542,372854,364,0.23605706874189364,82,0.3007939862335467,0.29806360623634076,0.23901098901098905,0.31382084670540045
0.0005,0.1,2008,0,1542,387656,364,0.23605706874189364,78,0.3132170027774425,0.297337617812189,0.2554945054945055,0.3262792786195903
0.0005,0.1,2009,0,1542,403710,372,0.24124513618677043,70,0.3102237252861602,0.2966482751769045,0.26881720430107525,0.33979148412900817
0.0005,0.1,2010,0,1542,418416,377,0.2444876783398184,84,0.27719184684336057,0.29593220362405864,0.26525198938992045,0.35216911551193447
0.0005,0.1,2011,0,1542,427093,355,0.23022049286640725,65,0.3111208093632217,0.29496299957237176,0.22816901408450707,0.35947230519707335
0.0005,0.1,2012,0,1542,433420,355,0.23022049286640725,53,0.3356080142828805,0.2927499116034465,0.2676056338028169,0.3647975652106579
0.0005,0.1,2013,0,1542,440113,359,0.23281452658884566,65,0.3168116324361233,0.292609549901404,0.2674094707520891,0.3704308772496846
0.0005,0.1,2014,0,1542,445500,383,0.248378728923476,66,0.28362726584815506,0.2915915997676353,0.2689295039164491,0.37496496539464746
0.0005,0.1,2015,0,1542,444103,380,0.24643320363164722,79,0.2883379501385042,0.29100722053870304,0.2657894736842106,0.37378914933032353
0.0005,0.1,2016,0,1542,445075,402,0.2607003891050584,100,0.27243137546100316,0.29055948103385487,0.28358208955223885,0.3746072547093664
0.0005,0.1,2017,0,1542,455628,395,0.25616083009079116,86,0.28398654061849077,0.29340032420645773,0.2632911392405063,0.383489421442946
0.0005,0.1,2018,0,1542,472470,396,0.25680933852140075,66,0.2858381797775737,0.2942096302897381,0.23484848484848486,0.39766486464648504
0.0005,0.1,2019,0,1542,488171,422,0.27367055771725035,104,0.25293681633386494,0.2985091004566033,0.29146919431279616,0.4108799598690695
0.0005,0.1,2020,0,1542,501837,400,0.2594033722438392,93,0.2605749999999999,0.3018283365128244,0.27249999999999996,0.422382252163308
0.0005,0.1,2021,0,1542,513500,428,0.2775616083009079,100,0.24839505633679787,0.304415645170649,0.2850467289719626,0.4321986750396217
0.0005,0.1,2022,0,1542,511564,428,0.2775616083009079,97,0.24275045855533234,0.3067607020047912,0.2780373831775701,0.43056919765914126
0.0005,0.1,2023,0,1542,520896,434,0.2814526588845655,96,0.2591475716196988,0.30831321921782506,0.2949308755760369,0.43842368263571335
0.0005,1.0,1990,0,1530,148872,367,0.23986928104575164,120,0.2624045022236411,0.33011044007922136,,0.1272752920658126
0.0005,1.0,1991,0,1528,155933,370,0.24214659685863874,112,0.267552958363769,0.32896402849110284,0.33783783783783783,0.13366128705979968
0.0005,1.0,1992,0,1533,164943,374,0.24396607958251793,120,0.26123137636192084,0.3295877165214956,0.32887700534759357,0.14046333151093693
0.0005,1.0,1993,0,1535,170614,364,0.23713355048859935,110,0.27268747735780724,0.3278045541811363,0.3131868131868132,0.14491419252640475
0.0005,1.0,1994,0,1539,176979,360,0.23391812865497075,114,0.2648765432098764,0.32627096666658295,0.3277777777777777,0.14953979371199275
0.0005,1.0,1995,0,1538,182564,341,0.22171651495448635,100,0.2980624521632942,0.32384656312471144,0.29618768328445744,0.15445961049212617
0.0005,1.0,1996,0,1540,193475,346,0.22467532467532467,101,0.283069932172809,0.3217857749364483,0.315028901734104,0.16326590887994397
0.0005,1.0,1997,0,1545,197632,327,0.21165048543689322,93,0.3103087095175305,0.3214146955684366,0.308868501529052,0.1656957928802589
0.0005,1.0,1998,0,1542,205999,329,0.2133592736705577,88,0.30397908371134774,0.3182494193184134,0.3100303951367781,0.17338363166404486
0.0005,1.0,1999,0,1543,218394,319,0.2067401166558652,84,0.30140230540187307,0.3185276392083068,0.322884012539185,0.18357790044660083
0.0005,1.0,2000,0,1543,236058,301,0.19507453013609852,80,0.31367203452500514,0.31733317727494903,0.3023255813953488,0.19842592756038946
0.0005,1.0,2001,0,1544,246518,292,0.18911917098445596,74,0.3361090260836928,0.3154643686856784,0.2808219178082192,0.2069499897581926
0.0005,1.0,2002,0,1544,335621,393,0.2545336787564767,102,0.23059391773336183,0.3315634300181053,0.4936386768447837,0.281751281904909
0.0005,1.0,2003,0,1545,318534,341,0.22071197411003235,88,0.2655377920726516,0.32151939004010494,0.29032258064516125,0.26706071733990644
0.0005,1.0,2004,0,1544,322504,311,0.20142487046632124,66,0.30244724516909477,0.3170827772578037,0.2636655948553055,0.2707396599719945
0.0005,1.0,2005,0,1544,348713,309,0.20012953367875647,73,0.2996302929378619,0.31815091673712026,0.3042071197411004,0.29274191652759074
0.0005,1.0,2006,0,1545,369036,308,0.19935275080906148,71,0.3135646820711756,0.3179031801445373,0.288961038961039,0.3094018813823633
0.0005,1.0,2007,0,1545,377171,310,0.20064724919093851,66,0.3009989594172735,0.3162637548273618,0.24838709677419357,0.31622231165216225
0.0005,1.0,2008,0,1545,391998,339,0.21941747572815534,59,0.2844475770311779,0.3141572547162231,0.3215339233038348,0.32865335278434527
0.0005,1.0,2009,0,1545,408083,318,0.2058252427184466,61,0.30499189114354663,0.31476812031885737,0.2672955974842768,0.3421391082717105
0.0005,1.0,2010,0,1545,422817,303,0.19611650485436893,59,0.3294121491357056,0.3136427987548062,0.22442244224422447,0.35449217767493335
0.0005,1.0,2011,0,1545,431503,314,0.20323624595469256,60,0.30224349872205764,0.3134737922753481,0.2547770700636943,0.36177456947867936
0.0005,1.0,2012,0,1545,437834,312,0.20194174757281552,55,0.30440499671268906,0.3114717607900736,0.2596153846153846,0.3670825158877878
0.0005,1.0,2013,0,1545,444529,312,0.20194174757281552,68,0.30500082182774485,0.31102174579091185,0.27564102564102566,0.3726956419672351
0.0005,1.0,2014,0,1545,449927,313,0.20258899676375405,72,0.3044942788024781,0.3100523001699206,0.26517571884984026,0.3772213558696782
0.0005,1.0,2015,0,1545,448513,323,0.20906148867313915,66,0.2686022103154444,0.2677560350156186,0.30030959752321984,0.3760358502272079
0.0005,1.0,2016,0,1545,449503,333,0.21553398058252426,67,0.27345363381399435,0.26845457139341206,0.2582582582582582,0.3768658718580747
0.0005,1.0,2017,0,1545,460053,338,0.21877022653721684,67,0.28141521655404234,0.30920623856953183,0.3431952662721893,0.38571105186377586
0.0005,1.0,2018,0,1545,476935,336,0.2174757281553398,69,0.260735544217687,0.2757236899381417,0.3214285714285714,0.3998650166842732
0.0005,1.0,2019,0,1545,492664,325,0.21035598705501618,67,0.29567810650887577,0.3131590718844392,0.3353846153846154,0.41305229974680147
0.0005,1.0,2020,0,1545,506321,343,0.22200647249190938,67,0.28259483718518646,0.314216758306215,0.2886297376093294,0.42450240622432384
0.0005,1.0,2021,0,1545,518001,346,0.22394822006472492,82,0.25837816164923644,0.3179317585683599,0.2890173410404624,0.4342949846571759
0.0005,1.0,2022,0,1545,516061,342,0.22135922330097088,79,0.28073595294278575,0.3195404035010245,0.29239766081871343,0.4326684776229522
0.0005,1.0,2023,0,1545,525400,391,0.2530744336569579,88,0.24568782255479754,0.31994639696552035,0.3734015345268542,0.44049834834079515
0.001,0.005,1990,0,717,31671,463,0.6457461645746164,54,0.10254747654744854,0.20279766860186815,,0.12338421261775087
0.001,0.005,1991,0,713,33552,433,0.6072931276297335,54,0.13616265487575274,0.2175981877341979,0.22863741339491916,0.13218399861323415
0.001,0.005,1992,0,715,35431,460,0.6433566433566433,55,0.1234404536862004,0.21359325747657737,0.25,0.13880629174746822
0.001,0.005,1993,0,717,36832,436,0.6080892608089261,55,0.1966480094268159,0.23327039430263716,0.23623853211009171,0.14349049032670266
0.001,0.005,1994,0,716,37997,455,0.6354748603351955,52,0.1833353459727086,0.2226163522143279,0.27692307692307694,0.14844317693479706
0.001,0.005,1995,0,716,39039,461,0.6438547486033519,49,0.13346916304741646,0.20568034507575594,0.2516268980477223,0.15251396648044693
0.001,0.005,1996,0,718,42047,456,0.6350974930362117,47,0.14983456448137894,0.21019004071075076,0.2543859649122807,0.16335085449664533
0.001,0.005,1997,0,718,43209,493,0.6866295264623955,48,0.1139070722364626,0.20033122349968976,0.2677484787018256,0.1678651763965455
0.001,0.005,1998,0,715,45396,472,0.6601398601398601,45,0.11997270899166906,0.19693739985781586,0.21610169491525422,0.17784568372803666
0.001,0.005,1999,0,718,48631,492,0.6852367688022284,47,0.1010476568180316,0.17741923434136708,0.24390243902439024,0.18892942195700904
0.001,0.005,2000,0,718,52959,473,0.658774373259053,44,0.1508387379374153,0.19349536249865282,0.2198731501057083,0.20574352280276453
0.001,0.005,2001,0,718,55479,486,0.6768802228412256,39,0.1360056901895036,0.19175260100133604,0.22839506172839508,0.215533618489295
0.001,0.005,2002,0,718,81567,448,0.6239554317548747,43,0.17032047193877545,0.1970663369823203,0.2165178571428571,0.31688441859651983
0.001,0.005,2003,0,718,76406,471,0.6559888579387186,46,0.1763740697165988,0.19130260113434955,0.2292993630573248,0.2968341472321612
0.001,0.005,2004,0,718,77110,459,0.6392757660167131,43,0.16738576331040766,0.18304740852421839,0.2200435729847494,0.29956915809062057
0.001,0.005,2005,0,718,85031,449,0.6253481894150418,40,0.187523871409368,0.18439432624630522,0.2048997772828508,0.3303419152068935
0.001,0.005,2006,0,718,91081,482,0.6713091922005571,43,0.1561870491210551,0.17272728882919328,0.2385892116182573,0.3538459147717781
0.001,0.005,2007,0,718,92928,486,0.6768802228412256,45,0.13268641297905132,0.16938277848134609,0.2098765432098766,0.361021433316628
0.001,0.005,2008,0,718,96935,492,0.6852367688022284,43,0.12368629783858813,0.16225318265193905,0.20934959349593496,0.3765884624499326
0.001,0.005,2009,0,718,101680,489,0.6810584958217271,41,0.12489492767260092,0.16430423728984353,0.19631901840490795,0.39502259103429255
0.001,0.005,2010,0,718,105717,464,0.6462395543175488,40,0.1306759066587396,0.16043641818981935,0.1400862068965517,0.4107061689257701
0.001,0.005,2011,0,718,108572,488,0.6796657381615598,38,0.1276874496103198,0.16243385659648382,0.18237704918032782,0.42179772574523217
0.001,0.005,2012,0,718,110128,515,0.7172701949860725,42,0.10129135639551325,0.15808579610990048,0.19611650485436893,0.42784272133580414
0.001,0.005,2013,0,718,112113,503,0.7005571030640668,39,0.09885419095763394,0.16176864412173167,0.18489065606361832,0.4355543641682498
0.001,0.005,2014,0,718,113759,495,0.6894150417827298,43,0.11036016732986433,0.15630470193414037,0.1898989898989899,0.4419490060333407
0.001,0.005,2015,0,718,112945,501,0.6977715877437326,44,0.09512711104736632,0.15869168512600812,0.22355289421157687,0.43878664972824716
0.001,0.005,2016,0,718,113426,498,0.6935933147632312,49,0.1132481734165578,0.16017709615459874,0.21084337349397586,0.4406553148176206
0.001,0.005,2017,0,718,116582,496,0.6908077994428969,44,0.09162818678459936,0.15639578975685645,0.21572580645161288,0.45291624417741827
0.001,0.005,2018,0,718,121465,459,0.6392757660167131,41,0.14653908041066827,0.16513565627445875,0.1938997821350763,0.47188649704937397
0.001,0.005,2019,0,718,125658,499,0.6949860724233984,44,0.10181083610105984,0.15523322191391728,0.23647294589178358,0.488176128483351
0.001,0.005,2020,0,718,128958,458,0.637883008356546,43,0.13483724566655858,0.16731375210141,0.14628820960698685,0.500996491882379
0.001,0.005,2021,0,718,132151,453,0.6309192200557103,39,0.12521380641199945,0.17140992133186064,0.19867549668874174,0.51340116471059
0.001,0.005,2022,0,718,131648,459,0.6392757660167131,39,0.13172996141085336,0.17880955382958472,0.17864923747276684,0.5114470305318897
0.001,0.005,2023,0,718,133696,434,0.6044568245125348,43,0.13050818662532654,0.18489370324427187,0.17281105990783407,0.5194034257564986
0.001,0.01,1990,0,826,56675,415,0.5024213075060533,57,0.2650776600377413,0.2431132870979575,,0.16633648837038667
0.001,0.01,1991,0,824,59877,435,0.5279126213592233,59,0.2509763509050073,0.23209785498983493,0.28505747126436787,0.17658872937040662
0.001,0.01,1992,0,825,63040,420,0.509090909090909,57,0.25200680272108844,0.23356603627138553,0.25476190476190474,0.18546631362165342
0.001,0.01,1993,0,826,65115,404,0.4891041162227603,51,0.2793966277815901,0.23333042896510614,0.23019801980198018,0.1911071978868589
0.001,0.01,1994,0,826,67463,436,0.5278450363196125,58,0.29660802962713567,0.234402876578256,0.32568807339449546,0.19799838579499596
0.001,0.01,1995,0,826,69411,422,0.5108958837772397,57,0.2829563576739067,0.23142552054386614,0.2985781990521327,0.20371560642747083
0.001,0.01,1996,0,827,73989,432,0.5223700120918985,57,0.25674082647462276,0.225430312187522,0.24305555555555558,0.2166265067295953
0.001,0.01,1997,0,827,75872,417,0.5042321644498187,51,0.27710205935970644,0.22440856858349298,0.24220623501199046,0.22213959262306363
0.001,0.01,1998,0,825,79332,422,0.5115151515151515,45,0.2383706565441028,0.21782906145597472,0.2417061611374408,0.23339805825242718
0.001,0.01,1999,0,827,84244,405,0.48972188633615477,51,0.27294010059442164,0.21604407926495578,0.2518518518518519,0.24665130536874436
0.001,0.01,2000,0,827,91407,409,0.49455864570737607,48,0.23575301438896226,0.20618107649107784,0.2273838630806846,0.26762328319928796
0.001,0.01,2001,0,827,95258,410,0.4957678355501814,40,0.24603212373587152,0.20817863776125697,0.23170731707317072,0.278898319723848
0.001,0.01,2002,0,827,132388,423,0.5114873035066505,53,0.2585886021829888,0.23307286235297878,0.276595744680851,0.3876082927586217
0.001,0.01,2003,0,827,125790,409,0.49455864570737607,53,0.2708078024402054,0.21638155056316788,0.21760391198044005,0.3682905334781629
0.001,0.01,2004,0,827,127186,407,0.4921402660217654,44,0.247203424107601,0.2024306466158589,0.23832923832923836,0.3723777708160714
0.001,0.01,2005,0,827,138410,408,0.49334945586457074,45,0.2653306420607459,0.20752588588386112,0.24754901960784315,0.4052396274641269
0.001,0.01,2006,0,827,146614,422,0.5102781136638452,46,0.2434918353136722,0.20437415366302958,0.2274881516587678,0.42925946637544615
0.001,0.01,2007,0,827,149412,406,0.4909310761789601,43,0.24425489577519482,0.19908895475189392,0.2068965517241379,0.43745150797391896
0.001,0.01,2008,0,827,154834,389,0.4703748488512696,33,0.25796155193264647,0.1986039524449572,0.16966580976863754,0.45332615041384744
0.001,0.01,2009,0,827,161253,393,0.4752116082224909,37,0.25220622988818314,0.1982108174862312,0.1984732824427481,0.4721198298350759
0.001,0.01,2010,0,827,166492,421,0.5090689238210399,29,0.17561963654007817,0.1723734329935658,0.2589073634204275,0.4874586811340034
0.001,0.01,2011,0,827,170186,382,0.4619105199516324,33,0.2509936679367342,0.19864725497158506,0.2094240837696335,0.49827404984907087
0.001,0.01,2012,0,827,172275,419,0.5066505441354293,33,0.17509013960959438,0.17488433427570235,0.3078758949880668,0.5043902667537206
0.001,0.01,2013,0,827,175083,388,0.46916565900846435,35,0.2522717610798172,0.19762666510030127,0.20360824742268047,0.5126115865566196
0.001,0.01,2014,0,827,177017,388,0.46916565900846435,38,0.2534939951110639,0.20250546459391214,0.1649484536082474,0.518273991292662
0.001,0.01,2015,0,827,176298,371,0.4486094316807739,32,0.2726440522809337,0.19667289545721364,0.13207547169811318,0.5161688883944126
0.001,0.01,2016,0,827,176806,412,0.49818621523579204,28,0.22352483740220566,0.1870311077840473,0.23786407766990292,0.5176562211792676
0.001,0.01,2017,0,827,180811,381,0.4607013301088271,32,0.26164741218371323,0.19325341497656837,0.17322834645669294,0.5293821420519922
0.001,0.01,2018,0,827,187091,425,0.5139056831922612,40,0.2525951557093426,0.1861679823268247,0.3529411764705882,0.5477688544316954
0.001,0.01,2019,0,827,192327,416,0.5030229746070133,48,0.26936945266272183,0.19375622794694108,0.17788461538461542,0.563098922269295
0.001,0.01,2020,0,827,196555,414,0.5006045949214026,37,0.23072883847931114,0.19415259637749185,0.2971014492753623,0.5754777471007259
0.001,0.01,2021,0,827,200488,416,0.5030229746070133,42,0.25457655325443784,0.20057731559821762,0.25240384615384615,0.5869928649015813
0.001,0.01,2022,0,827,199850,406,0.4909310761789601,35,0.24397583052245872,0.20410222751738735,0.21674876847290636,0.5851249154591848
0.001,0.01,2023,0,827,202311,429,0.5187424425634825,60,0.25513336702147893,0.21333416041495937,0.2913752913752914,0.592330281568492
0.001,0.05,1990,0,896,87662,306,0.34151785714285715,78,0.3091759579648852,0.28343127799431517,,0.21863028731045492
0.001,0.05,1991,0,894,91960,290,0.3243847874720358,71,0.3517479191438763,0.28000307933166096,0.2689655172413793,0.23037745728021325
0.001,0.05,1992,0,895,96602,310,0.3463687150837989,64,0.2647034339229969,0.2390527111101117,0.3096774193548387,0.24146576181370527
0.001,0.05,1993,0,896,99268,297,0.3314732142857143,76,0.31646430636329625,0.27929708409133275,0.29292929292929293,0.2475758180367119
0.001,0.05,1994,0,896,102716,327,0.36495535714285715,66,0.19445613444435092,0.22813526425590724,0.3883792048929664,0.2561751795690343
0.001,0.05,1995,0,896,105213,284,0.3169642857142857,70,0.3458639158897044,0.27377319264754013,0.2816901408450704,0.26240273343974463
0.001,0.05,1996,0,897,111094,289,0.3221850613154961,72,0.32606170903126164,0.2701147597533811,0.2975778546712803,0.27645226150660934
0.001,0.05,1997,0,897,113634,296,0.32998885172798215,57,0.2850392622352082,0.2327383289659027,0.32432432432432434,0.282772933588151
0.001,0.05,1998,0,896,118152,274,0.30580357142857145,58,0.33880334594277794,0.2656480207499135,0.3065693430656934,0.29467278531524344
0.001,0.05,1999,0,897,124228,272,0.3032329988851728,70,0.3121756055363323,0.26636062184720843,0.2904411764705882,0.30913561076604557
0.001,0.05,2000,0,897,133141,257,0.28651059085841696,57,0.34082272252418666,0.2652559058676894,0.2607003891050583,0.33131519748367577
0.001,0.05,2001,0,897,137931,267,0.2976588628762542,56,0.31944619787063927,0.2626739630035136,0.26217228464419473,0.3432348901098901
0.001,0.05,2002,0,897,181216,321,0.35785953177257523,75,0.23962306266437633,0.2809401640316474,0.4049844236760125,0.45094760312151616
0.001,0.05,2003,0,897,173850,271,0.30211817168338906,53,0.31199193910758305,0.2676793723107597,0.2324723247232472,0.4326176540850454
0.001,0.05,2004,0,897,175455,263,0.2931995540691193,66,0.3137966430048142,0.262279909731811,0.2585551330798479,0.4366116220735786
0.001,0.05,2005,0,897,188275,271,0.30211817168338906,56,0.30632752821993164,0.2620260843307235,0.24354243542435428,0.46851359691033606
0.001,0.05,2006,0,897,197373,256,0.2853957636566332,41,0.332855224609375,0.2607380850630102,0.203125,0.4911535475394171
0.001,0.05,2007,0,897,200402,265,0.2954292084726867,57,0.31480242079031684,0.2600195434673731,0.23396226415094334,0.4986910734193343
0.001,0.05,2008,0,897,206497,249,0.27759197324414714,51,0.3551716907791811,0.259125083382882,0.2088353413654619,0.5138581979614588
0.001,0.05,2009,0,897,213699,259,0.2887402452619844,43,0.35048672500409944,0.25729716375142664,0.2586872586872587,0.5317800406115624
0.001,0.05,2010,0,897,219436,272,0.3032329988851728,54,0.30560661764705876,0.25720485623888634,0.2757352941176471,0.5460562987736901
0.001,0.05,2011,0,897,223519,237,0.26421404682274247,32,0.31232530399330594,0.21520967034516897,0.28270042194092826,0.5562166547220895
0.001,0.05,2012,0,897,225820,247,0.2753623188405797,49,0.3480961825304462,0.2545792436585037,0.3319838056680162,0.5619425863991081
0.001,0.05,2013,0,897,228884,243,0.2709030100334448,54,0.3557892597673119,0.25374301649769226,0.2510288065843621,0.5695672081541647
0.001,0.05,2014,0,897,231211,254,0.2831661092530658,46,0.34205468410936807,0.2515342641206296,0.24015748031496065,0.575357839624144
0.001,0.05,2015,0,897,230702,250,0.2787068004459309,48,0.33964799999999995,0.2506137054677826,0.252,0.5740912167542602
0.001,0.05,2016,0,897,231378,263,0.2931995540691193,47,0.3150399745550753,0.24918807537462898,0.2737642585551331,0.5757734113712375
0.001,0.05,2017,0,897,235851,253,0.28205128205128205,47,0.3204393132215783,0.25180810813938936,0.19367588932806323,0.5869042642140468
0.001,0.05,2018,0,897,242707,258,0.28762541806020064,39,0.32696352382669314,0.2536037876287278,0.24031007751937983,0.6039651019270584
0.001,0.05,2019,0,897,248323,276,0.3076923076923077,51,0.29741650913673595,0.25663353859374016,0.2681159420289855,0.6179402572065615
0.001,0.05,2020,0,897,252662,287,0.31995540691192864,63,0.27635396811907387,0.26024441252240904,0.27177700348432055,0.628737657270266
0.001,0.05,2021,0,897,256899,302,0.3366778149386845,53,0.2720933292399457,0.263166845896788,0.2516556291390728,0.6392812350692786
0.001,0.05,2022,0,897,256222,313,0.34894091415830547,62,0.2515795812961243,0.26588836125828513,0.24281150159744413,0.6375965519987259
0.001,0.05,2023,0,897,258756,311,0.346711259754738,57,0.27701326495797185,0.26720889829478706,0.27331189710610937,0.6439022933588151
0.001,0.1,1990,0,901,91192,318,0.35294117647058826,67,0.20537162295795255,0.23182002711877706,,0.2249155259588112
0.001,0.1,1991,0,899,95575,264,0.2936596218020022,71,0.3536501377410468,0.2895905276691536,0.25757575757575757,0.23677632410176117
0.001,0.1,1992,0,900,100327,277,0.30777777777777776,78,0.3145486061332743,0.2907435966791586,0.3285198555956679,0.24799653936472624
0.001,0.1,1993,0,901,103002,266,0.2952275249722531,71,0.33492566001469853,0.2889662159392082,0.25187969924812026,0.2540436551979282
0.001,0.1,1994,0,901,106557,274,0.30410654827968925,66,0.309020192871224,0.28649115616554377,0.3138686131386861,0.26281169071402144
0.001,0.1,1995,0,901,109055,252,0.27968923418423974,65,0.31059460821365603,0.28446580180971853,0.28174603174603174,0.2689727463312369
0.001,0.1,1996,0,902,115006,246,0.2727272727272727,52,0.3287725560182432,0.2809376281519581,0.31707317073170727,0.2830213288511656
0.001,0.1,1997,0,902,117544,243,0.26940133037694014,67,0.3454588562041694,0.2807601101695459,0.26337448559670784,0.2892671606566737
0.001,0.1,1998,0,901,122140,248,0.27524972253052166,50,0.3306776795005201,0.27728943968354114,0.29032258064516125,0.30124552965840423
0.001,0.1,1999,0,902,128265,253,0.2804878048780488,66,0.30425408926869657,0.27804664841586635,0.25296442687747034,0.31565075513533863
0.001,0.1,2000,0,902,137247,222,0.24611973392461198,55,0.36429672916159384,0.27748315995522255,0.26126126126126126,0.3377547981917111
0.001,0.1,2001,0,902,142070,227,0.2516629711751663,49,0.34079838537522567,0.2755820784077115,0.29955947136563876,0.34962384736348623
0.001,0.1,2002,0,902,185518,272,0.30155210643015523,65,0.265030276816609,0.28952584972477313,0.44852941176470584,0.45654618790159246
0.001,0.1,2003,0,902,178141,238,0.2638580931263858,55,0.3285078737377303,0.2782246654490006,0.25210084033613445,0.4383919320981122
0.001,0.1,2004,0,902,179737,237,0.26274944567627495,41,0.3434100660506685,0.2712803323608051,0.2784810126582279,0.44231957101126856
0.001,0.1,2005,0,902,192596,231,0.25609756097560976,55,0.3365566612319858,0.27272274645172634,0.24675324675324672,0.4739646266405152
0.001,0.1,2006,0,902,201719,213,0.2361419068736142,39,0.38989177632303984,0.27187424460471943,0.215962441314554,0.4964156603527492
0.001,0.1,2007,0,902,204767,217,0.24057649667405764,43,0.3700864320754316,0.2706240751266787,0.28110599078341014,0.5039165647432884
0.001,0.1,2008,0,902,210882,210,0.2328159645232816,40,0.3805442176870749,0.26984165704643687,0.24761904761904763,0.5189651311304758
0.001,0.1,2009,0,902,218095,213,0.2361419068736142,34,0.38257400427604743,0.2681794077475852,0.24882629107981225,0.5367157949654363
0.001,0.1,2010,0,902,223848,198,0.21951219512195122,30,0.43036424854606686,0.2669275386959603,0.1717171717171717,0.5508735059099154
0.001,0.1,2011,0,902,227931,218,0.24168514412416853,41,0.357840249137278,0.2667761250400616,0.23853211009174313,0.5609214693700766
0.001,0.1,2012,0,902,230241,185,0.20509977827050999,27,0.43608473338203074,0.26515918835445246,0.1567567567567567,0.5666062099022766
0.001,0.1,2013,0,902,233298,191,0.21175166297117518,37,0.40999424357884906,0.2648516832044387,0.2198952879581152,0.5741292626325517
0.001,0.1,2014,0,902,235623,189,0.20953436807095344,28,0.4131183337532544,0.26355597732503816,0.2063492063492064,0.5798509170643114
0.001,0.1,2015,0,902,235134,199,0.22062084257206208,30,0.40122724173631963,0.2622632404515155,0.20603015075376885,0.5786475239386638
0.001,0.1,2016,0,902,235806,201,0.22283813747228381,41,0.38328259201504916,0.2621508858023004,0.2139303482587065,0.5803012666389402
0.001,0.1,2017,0,902,240298,203,0.22505543237250555,37,0.3834356572593366,0.2646678968525614,0.20197044334975367,0.5913557490937638
0.001,0.1,2018,0,902,247160,219,0.24279379157427938,32,0.35497591793332084,0.26643374797432123,0.26940639269406397,0.6082426276790263
0.001,0.1,2019,0,902,252783,226,0.25055432372505543,47,0.3290782363536692,0.2704496067091255,0.26106194690265483,0.6220804181606542
0.001,0.1,2020,0,902,257123,257,0.28492239467849223,52,0.2778997411013038,0.2735473515242547,0.2801556420233463,0.6327608397666057
0.001,0.1,2021,0,902,261359,251,0.27827050997782704,62,0.2839796193711212,0.2775229424532062,0.26693227091633465,0.6431853250022763
0.001,0.1,2022,0,902,260694,247,0.2738359201773836,60,0.2947597895392482,0.2795512055876281,0.2510121457489879,0.6415488087884612
0.001,0.1,2023,0,902,263225,287,0.3181818181818182,64,0.2504461629982153,0.28041906236700714,0.32752613240418116,0.647777414107508
0.001,1.0,1990,0,904,93399,238,0.26327433628318586,79,0.2943648047454277,0.30953380490375487,,0.22883162320289302
0.001,1.0,1991,0,902,97842,227,0.2516629711751663,64,0.31650138756816554,0.30691018517350277,0.3083700440528634,0.24078198404827353
0.001,1.0,1992,0,903,102627,221,0.24473975636766335,68,0.33887512540693276,0.3079592039244064,0.32579185520361986,0.25199814366008355
0.001,1.0,1993,0,904,105314,225,0.2488938053097345,65,0.2945382716049384,0.3073293238766484,0.3466666666666667,0.2580238928252923
0.001,1.0,1994,0,904,108894,219,0.24225663716814158,67,0.2974291611934695,0.30541269268180216,0.29680365296803657,0.26679504895187134
0.001,1.0,1995,0,904,111434,216,0.23893805309734514,58,0.28999485596707825,0.30421206723563515,0.30092592592592593,0.27301815972324306
0.001,1.0,1996,0,905,117393,197,0.2176795580110497,53,0.3347934757401632,0.3021589258971476,0.2690355329949239,0.2869823497775387
0.001,1.0,1997,0,905,119921,190,0.20994475138121546,55,0.32199445983379504,0.3012678622362981,0.26315789473684215,0.2931623722681269
0.001,1.0,1998,0,904,124575,179,0.19800884955752213,54,0.35570050872319825,0.29910141437367416,0.24581005586592175,0.30521418281245405
0.001,1.0,1999,0,905,130685,177,0.19558011049723756,48,0.36621022056241825,0.2989921614588031,0.288135593220339,0.3194763604361218
0.001,1.0,2000,0,905,139722,166,0.18342541436464088,40,0.38757439396138776,0.2985589320036003,0.24096385542168675,0.3415684740624847
0.001,1.0,2001,0,905,144554,169,0.1867403314917127,41,0.36745912257974156,0.29678358810796407,0.26627218934911245,0.3533809221141153
0.001,1.0,2002,0,905,188103,239,0.2640883977900553,62,0.2484725407468357,0.30979764082465594,0.4769874476987448,0.45984207695692564
0.001,1.0,2003,0,905,180721,197,0.2176795580110497,44,0.3027905898116416,0.29995634731245613,0.20812182741116747,0.4417958245734122
0.001,1.0,2004,0,905,182324,192,0.2121546961325967,44,0.3219943576388888,0.2954791742046701,0.27604166666666663,0.44571456510047425
0.001,1.0,2005,0,905,195192,182,0.2011049723756906,44,0.3559352735176912,0.29601826473750853,0.20329670329670335,0.47717205299955995
0.001,1.0,2006,0,905,204336,169,0.1867403314917127,43,0.3648681768845629,0.29548567730164577,0.2544378698224852,0.499525741944947
0.001,1.0,2007,0,905,207377,152,0.16795580110497238,29,0.44278047091412753,0.2938396317595152,0.19736842105263153,0.5069598591893609
0.001,1.0,2008,0,905,213513,157,0.1734806629834254,29,0.4006247717960159,0.2931174539028455,0.2420382165605095,0.521960103652276
0.001,1.0,2009,0,905,220734,156,0.1723756906077348,28,0.42562458908612755,0.2927031937283842,0.19871794871794868,0.5396127707426783
0.001,1.0,2010,0,905,226494,165,0.18232044198895028,24,0.39430670339761237,0.29097135847657596,0.22424242424242424,0.5536938346452843
0.001,1.0,2011,0,905,230583,159,0.17569060773480663,37,0.40975436098255613,0.29116776747946693,0.20125786163522008,0.5636899232386448
0.001,1.0,2012,0,905,232899,160,0.17679558011049723,31,0.40429687500000017,0.28956190658108777,0.21875,0.5693516843494841
0.001,1.0,2013,0,905,235952,155,0.1712707182320442,19,0.4466597294484911,0.28819338186545934,0.21935483870967742,0.5768151371436953
0.001,1.0,2014,0,905,238285,145,0.16022099447513813,26,0.48423305588585025,0.287534946357207,0.18620689655172418,0.5825184569500806
0.001,1.0,2015,0,905,237780,138,0.15248618784530388,20,0.5255198487712665,0.28591616177056695,0.17391304347826086,0.5812839192294529
0.001,1.0,2016,0,905,238462,249,0.2751381215469613,29,0.3208819212593345,0.24633073613875855,0.5582329317269077,0.5829511563095878
0.001,1.0,2017,0,905,242958,182,0.2011049723756906,29,0.3112546793865477,0.25070242905068785,0.1923076923076923,0.5939422089668998
0.001,1.0,2018,0,905,249833,184,0.20331491712707184,23,0.3158081285444235,0.25550575433230327,0.19021739130434778,0.6107490343714859
0.001,1.0,2019,0,905,255461,183,0.2022099447513812,23,0.3232404670190212,0.25901520181675936,0.20765027322404372,0.6245074072263238
0.001,1.0,2020,0,905,259792,168,0.1856353591160221,34,0.37840136054421764,0.2920519248214146,0.25,0.6350950960739256
0.001,1.0,2021,0,905,264042,181,0.2,35,0.3464790452061902,0.2940128889162674,0.26519337016574585,0.645484769960397
0.001,1.0,2022,0,905,263373,204,0.225414364640884,34,0.31127450980392163,0.2953676718084733,0.303921568627451,0.6438493130592089
0.001,1.0,2023,0,905,265910,217,0.23977900552486187,38,0.29495211195820686,0.29653668264763405,0.2995391705069125,0.6500513372121449
